subjects,key,title,authors,covers,latest_revision,revision,type.key,created.type,created.value,last_modified.type,last_modified.value,subtitle,description,first_publish_date,lc_classifications,dewey_number,subject_places,subject_people,description.type,description.value,subject_times
"['Vampires', 'Fiction', 'Fiction, fantasy, historical']",/works/OL15168890W,By Blood We Live,"[{'author': {'key': '/authors/OL7207957A'}, 'type': {'key': '/type/author_role'}}, {'author': {'key': '/authors/OL53305A'}, 'type': {'key': '/type/author_role'}}, {'author': {'key': '/authors/OL39486A'}, 'type': {'key': '/type/author_role'}}, {'author': {'key': '/authors/OL23207A'}, 'type': {'key': '/type/author_role'}}, {'author': {'key': '/authors/OL7202539A'}, 'type': {'key': '/type/author_role'}}, {'author': {'key': '/authors/OL3003153A'}, 'type': {'key': '/type/author_role'}}, {'author': {'key': '/authors/OL3023955A'}, 'type': {'key': '/type/author_role'}}, {'author': {'key': '/authors/OL382982A'}, 'type': {'key': '/type/author_role'}}, {'author': {'key': '/authors/OL2711187A'}, 'type': {'key': '/type/author_role'}}, {'author': {'key': '/authors/OL246532A'}, 'type': {'key': '/type/author_role'}}, {'author': {'key': '/authors/OL381615A'}, 'type': {'key': '/type/author_role'}}, {'author': {'key': '/authors/OL3042054A'}, 'type': {'key': '/type/author_role'}}, {'author': {'key': '/authors/OL1606907A'}, 'type': {'key': '/type/author_role'}}, {'author': {'key': '/authors/OL9689655A'}, 'type': {'key': '/type/author_role'}}, {'author': {'key': '/authors/OL220575A'}, 'type': {'key': '/type/author_role'}}, {'author': {'key': '/authors/OL40965A'}, 'type': {'key': '/type/author_role'}}, {'author': {'key': '/authors/OL18722A'}, 'type': {'key': '/type/author_role'}}, {'author': {'key': '/authors/OL7752487A'}, 'type': {'key': '/type/author_role'}}, {'author': {'key': '/authors/OL23918A'}, 'type': {'key': '/type/author_role'}}, {'author': {'key': '/authors/OL9080029A'}, 'type': {'key': '/type/author_role'}}, {'author': {'key': '/authors/OL397402A'}, 'type': {'key': '/type/author_role'}}, {'author': {'key': '/authors/OL1394972A'}, 'type': {'key': '/type/author_role'}}, {'author': {'key': '/authors/OL2645208A'}, 'type': {'key': '/type/author_role'}}, {'author': {'key': '/authors/OL36575A'}, 'type': {'key': '/type/author_role'}}, {'author': {'key': '/authors/OL1432654A'}, 'type': {'key': '/type/author_role'}}, {'author': {'key': '/authors/OL2711189A'}, 'type': {'key': '/type/author_role'}}, {'author': {'key': '/authors/OL7159378A'}, 'type': {'key': '/type/author_role'}}, {'author': {'key': '/authors/OL340770A'}, 'type': {'key': '/type/author_role'}}, {'author': {'key': '/authors/OL33124A'}, 'type': {'key': '/type/author_role'}}, {'author': {'key': '/authors/OL577531A'}, 'type': {'key': '/type/author_role'}}, {'author': {'key': '/authors/OL24812A'}, 'type': {'key': '/type/author_role'}}]",[6426138],6,6,/type/work,/type/datetime,2010-06-28T01:51:41.310258,/type/datetime,2023-05-26T17:08:55.936426,,,,,,,,,,
,/works/OL34971926W,Neverwhere,"[{'type': {'key': '/type/author_role'}, 'author': {'key': '/authors/OL53305A'}}, {'type': {'key': '/type/author_role'}, 'author': {'key': '/authors/OL7992934A'}}]",[13921349],2,2,/type/work,/type/datetime,2023-04-13T02:59:43.364787,/type/datetime,2023-05-18T15:50:54.692481,,,,,,,,,,
,/works/OL35052442W,La última tentación,"[{'type': {'key': '/type/author_role'}, 'author': {'key': '/authors/OL53305A'}}, {'type': {'key': '/type/author_role'}, 'author': {'key': '/authors/OL9887914A'}}]",[14022824],2,2,/type/work,/type/datetime,2023-04-15T18:25:29.580405,/type/datetime,2023-05-18T15:50:54.692481,,,,,,,,,,
,/works/OL35052472W,Esposas prohibidas de siervos sin rostro,"[{'type': {'key': '/type/author_role'}, 'author': {'key': '/authors/OL53305A'}}, {'type': {'key': '/type/author_role'}, 'author': {'key': '/authors/OL8154081A'}}, {'type': {'key': '/type/author_role'}, 'author': {'key': '/authors/OL9887914A'}}]",[14022878],2,2,/type/work,/type/datetime,2023-04-15T18:27:06.008100,/type/datetime,2023-05-18T15:50:54.692481,,,,,,,,,,
,/works/OL34989693W,American Gods Sombras Tomo nº 01/03,"[{'type': {'key': '/type/author_role'}, 'author': {'key': '/authors/OL53305A'}}, {'type': {'key': '/type/author_role'}, 'author': {'key': '/authors/OL7992933A'}}, {'type': {'key': '/type/author_role'}, 'author': {'key': '/authors/OL1398733A'}}, {'type': {'key': '/type/author_role'}, 'author': {'key': '/authors/OL7040892A'}}]",[13944926],2,2,/type/work,/type/datetime,2023-04-13T18:40:50.340106,/type/datetime,2023-05-18T15:50:54.692481,,,,,,,,,,
,/works/OL34971923W,Los hijos de Anansi,"[{'type': {'key': '/type/author_role'}, 'author': {'key': '/authors/OL53305A'}}, {'type': {'key': '/type/author_role'}, 'author': {'key': '/authors/OL7992934A'}}]",[13921346],2,2,/type/work,/type/datetime,2023-04-13T02:59:36.536032,/type/datetime,2023-05-18T15:50:54.692481,,,,,,,,,,
,/works/OL35166343W,Coraline,"[{'type': {'key': '/type/author_role'}, 'author': {'key': '/authors/OL53305A'}}, {'type': {'key': '/type/author_role'}, 'author': {'key': '/authors/OL12637877A'}}]",[14171423],2,2,/type/work,/type/datetime,2023-04-19T11:52:32.000959,/type/datetime,2023-05-18T15:50:54.692481,,,,,,,,,,
,/works/OL35052410W,El puente del Troll,"[{'type': {'key': '/type/author_role'}, 'author': {'key': '/authors/OL53305A'}}, {'type': {'key': '/type/author_role'}, 'author': {'key': '/authors/OL6456573A'}}, {'type': {'key': '/type/author_role'}, 'author': {'key': '/authors/OL9887914A'}}]",[14022787],2,2,/type/work,/type/datetime,2023-04-15T18:24:34.057457,/type/datetime,2023-05-18T15:50:54.692481,,,,,,,,,,
,/works/OL34904042W,Lovecraft's Monsters,"[{'type': {'key': '/type/author_role'}, 'author': {'key': '/authors/OL53305A'}}, {'type': {'key': '/type/author_role'}, 'author': {'key': '/authors/OL7161310A'}}, {'type': {'key': '/type/author_role'}, 'author': {'key': '/authors/OL9156684A'}}]",[13710809],2,2,/type/work,/type/datetime,2023-03-20T14:58:06.826086,/type/datetime,2023-05-18T15:50:54.692481,,,,,,,,,,
,/works/OL35257256W,Trigger Warning,"[{'type': {'key': '/type/author_role'}, 'author': {'key': '/authors/OL53305A'}}]",[14290096],2,2,/type/work,/type/datetime,2023-04-21T12:00:42.741368,/type/datetime,2023-05-18T15:50:54.692481,,,,,,,,,,
,/works/OL35051751W,American Gods Sombras Tomo nº 03/03,"[{'type': {'key': '/type/author_role'}, 'author': {'key': '/authors/OL53305A'}}, {'type': {'key': '/type/author_role'}, 'author': {'key': '/authors/OL7992933A'}}, {'type': {'key': '/type/author_role'}, 'author': {'key': '/authors/OL1398733A'}}, {'type': {'key': '/type/author_role'}, 'author': {'key': '/authors/OL7040892A'}}]",[14021996],2,2,/type/work,/type/datetime,2023-04-15T18:00:28.290494,/type/datetime,2023-05-18T15:50:54.692481,,,,,,,,,,
,/works/OL26166841W,Öyküler,"[{'author': {'key': '/authors/OL53305A'}, 'type': {'key': '/type/author_role'}}, {'author': {'key': '/authors/OL711630A'}, 'type': {'key': '/type/author_role'}}]",[12126273],3,3,/type/work,/type/datetime,2021-10-19T18:12:36.256835,/type/datetime,2023-05-18T15:50:54.692481,,,,,,,,,,
,/works/OL34970662W,Invocaciones,"[{'type': {'key': '/type/author_role'}, 'author': {'key': '/authors/OL53305A'}}, {'type': {'key': '/type/author_role'}, 'author': {'key': '/authors/OL7981556A'}}, {'type': {'key': '/type/author_role'}, 'author': {'key': '/authors/OL9943041A'}}]",[13919642],2,2,/type/work,/type/datetime,2023-04-13T01:31:26.790090,/type/datetime,2023-05-18T15:50:54.692481,,,,,,,,,,
,/works/OL35096964W,"L'al.lucinant, galàctic i piràtic viatge del pare","[{'type': {'key': '/type/author_role'}, 'author': {'key': '/authors/OL53305A'}}, {'type': {'key': '/type/author_role'}, 'author': {'key': '/authors/OL8211279A'}}]",[14080291],2,2,/type/work,/type/datetime,2023-04-17T05:13:47.418823,/type/datetime,2023-05-18T15:50:54.692481,,,,,,,,,,
,/works/OL34989790W,American Gods Sombras nº 03/09,"[{'type': {'key': '/type/author_role'}, 'author': {'key': '/authors/OL53305A'}}, {'type': {'key': '/type/author_role'}, 'author': {'key': '/authors/OL1398733A'}}, {'type': {'key': '/type/author_role'}, 'author': {'key': '/authors/OL7040892A'}}]",[13945049],2,2,/type/work,/type/datetime,2023-04-13T18:46:53.692443,/type/datetime,2023-05-18T15:50:54.692481,,,,,,,,,,
,/works/OL35257259W,Trigger Warning,"[{'type': {'key': '/type/author_role'}, 'author': {'key': '/authors/OL53305A'}}]",[14290099],2,2,/type/work,/type/datetime,2023-04-21T12:00:42.956074,/type/datetime,2023-05-18T15:50:54.692481,,,,,,,,,,
,/works/OL34900197W,LOS ETERNOS. DEL GÉNESIS AL APOCALIPSIS 8,"[{'type': {'key': '/type/author_role'}, 'author': {'key': '/authors/OL53305A'}}, {'type': {'key': '/type/author_role'}, 'author': {'key': '/authors/OL2864376A'}}]",[13705881],2,2,/type/work,/type/datetime,2023-03-20T12:05:47.238013,/type/datetime,2023-05-18T15:50:54.692481,,,,,,,,,,
,/works/OL35047501W,Coraline,"[{'type': {'key': '/type/author_role'}, 'author': {'key': '/authors/OL53305A'}}, {'type': {'key': '/type/author_role'}, 'author': {'key': '/authors/OL7824837A'}}, {'type': {'key': '/type/author_role'}, 'author': {'key': '/authors/OL12531583A'}}]",[14016344],2,2,/type/work,/type/datetime,2023-04-15T14:22:00.217009,/type/datetime,2023-05-18T15:50:54.692481,,,,,,,,,,
,/works/OL35051747W,El problema de Susan y otras historias,"[{'type': {'key': '/type/author_role'}, 'author': {'key': '/authors/OL53305A'}}, {'type': {'key': '/type/author_role'}, 'author': {'key': '/authors/OL7992933A'}}, {'type': {'key': '/type/author_role'}, 'author': {'key': '/authors/OL1398733A'}}, {'type': {'key': '/type/author_role'}, 'author': {'key': '/authors/OL5464219A'}}, {'type': {'key': '/type/author_role'}, 'author': {'key': '/authors/OL7040892A'}}]",[14021989],2,2,/type/work,/type/datetime,2023-04-15T18:00:16.490828,/type/datetime,2023-05-18T15:50:54.692481,,,,,,,,,,
,/works/OL35052441W,La última tentación,"[{'type': {'key': '/type/author_role'}, 'author': {'key': '/authors/OL53305A'}}, {'type': {'key': '/type/author_role'}, 'author': {'key': '/authors/OL9887914A'}}]",[14022823],2,2,/type/work,/type/datetime,2023-04-15T18:25:29.579480,/type/datetime,2023-05-18T15:50:54.692481,,,,,,,,,,
,/works/OL35257258W,Trigger Warning,"[{'type': {'key': '/type/author_role'}, 'author': {'key': '/authors/OL53305A'}}]",[14290098],2,2,/type/work,/type/datetime,2023-04-21T12:00:42.960509,/type/datetime,2023-05-18T15:50:54.692481,,,,,,,,,,
,/works/OL34989784W,American Gods Sombras nº 04/09,"[{'type': {'key': '/type/author_role'}, 'author': {'key': '/authors/OL53305A'}}, {'type': {'key': '/type/author_role'}, 'author': {'key': '/authors/OL7040892A'}}]",[13945042],2,2,/type/work,/type/datetime,2023-04-13T18:46:38.303208,/type/datetime,2023-05-18T15:50:54.692481,,,,,,,,,,
,/works/OL35200486W,"Coraline, Lingua Basco","[{'type': {'key': '/type/author_role'}, 'author': {'key': '/authors/OL53305A'}}, {'type': {'key': '/type/author_role'}, 'author': {'key': '/authors/OL219070A'}}, {'type': {'key': '/type/author_role'}, 'author': {'key': '/authors/OL12531583A'}}]",[14216851],2,2,/type/work,/type/datetime,2023-04-20T03:59:55.885209,/type/datetime,2023-05-18T15:50:54.692481,,,,,,,,,,
,/works/OL34989722W,Violent Cases,"[{'type': {'key': '/type/author_role'}, 'author': {'key': '/authors/OL2630661A'}}, {'type': {'key': '/type/author_role'}, 'author': {'key': '/authors/OL53305A'}}, {'type': {'key': '/type/author_role'}, 'author': {'key': '/authors/OL7040892A'}}]",[13944957],2,2,/type/work,/type/datetime,2023-04-13T18:42:19.564865,/type/datetime,2023-05-18T15:50:54.692481,,,,,,,,,,
,/works/OL35097447W,El cementiri sense làpides i altres històries negres,"[{'type': {'key': '/type/author_role'}, 'author': {'key': '/authors/OL12692617A'}}, {'type': {'key': '/type/author_role'}, 'author': {'key': '/authors/OL53305A'}}, {'type': {'key': '/type/author_role'}, 'author': {'key': '/authors/OL9228882A'}}]",[14080907],2,2,/type/work,/type/datetime,2023-04-17T05:29:41.594995,/type/datetime,2023-05-18T15:50:54.692481,,,,,,,,,,
,/works/OL34971920W,Stardust,"[{'type': {'key': '/type/author_role'}, 'author': {'key': '/authors/OL53305A'}}, {'type': {'key': '/type/author_role'}, 'author': {'key': '/authors/OL7525857A'}}]",[13921339],2,2,/type/work,/type/datetime,2023-04-13T02:59:29.742371,/type/datetime,2023-05-18T15:50:54.692481,,,,,,,,,,
,/works/OL34981844W,Bons averanys,"[{'type': {'key': '/type/author_role'}, 'author': {'key': '/authors/OL10824473A'}}, {'type': {'key': '/type/author_role'}, 'author': {'key': '/authors/OL53305A'}}]",[13934443],2,2,/type/work,/type/datetime,2023-04-13T10:44:44.232146,/type/datetime,2023-05-18T15:50:54.692481,,,,,,,,,,
,/works/OL35052471W,Esposas prohibidas de siervos sin rostro,"[{'type': {'key': '/type/author_role'}, 'author': {'key': '/authors/OL53305A'}}, {'type': {'key': '/type/author_role'}, 'author': {'key': '/authors/OL8154081A'}}, {'type': {'key': '/type/author_role'}, 'author': {'key': '/authors/OL9887914A'}}]",[14022877],2,2,/type/work,/type/datetime,2023-04-15T18:27:05.990803,/type/datetime,2023-05-18T15:50:54.692481,,,,,,,,,,
,/works/OL34989730W,American Gods Sombras nº 09/09,"[{'type': {'key': '/type/author_role'}, 'author': {'key': '/authors/OL53305A'}}, {'type': {'key': '/type/author_role'}, 'author': {'key': '/authors/OL7992933A'}}, {'type': {'key': '/type/author_role'}, 'author': {'key': '/authors/OL1398733A'}}, {'type': {'key': '/type/author_role'}, 'author': {'key': '/authors/OL7040892A'}}]",[13944967],2,2,/type/work,/type/datetime,2023-04-13T18:42:50.919830,/type/datetime,2023-05-18T15:50:54.692481,,,,,,,,,,
,/works/OL35051746W,Mitos nórdicos nº 02/03,"[{'type': {'key': '/type/author_role'}, 'author': {'key': '/authors/OL53305A'}}, {'type': {'key': '/type/author_role'}, 'author': {'key': '/authors/OL7992933A'}}, {'type': {'key': '/type/author_role'}, 'author': {'key': '/authors/OL2864353A'}}, {'type': {'key': '/type/author_role'}, 'author': {'key': '/authors/OL7040892A'}}]",[14021988],2,2,/type/work,/type/datetime,2023-04-15T18:00:13.123190,/type/datetime,2023-05-18T15:50:54.692481,,,,,,,,,,
,/works/OL34989496W,American Gods Sombras Tomo nº 02/03,"[{'type': {'key': '/type/author_role'}, 'author': {'key': '/authors/OL53305A'}}, {'type': {'key': '/type/author_role'}, 'author': {'key': '/authors/OL7992933A'}}, {'type': {'key': '/type/author_role'}, 'author': {'key': '/authors/OL1398733A'}}, {'type': {'key': '/type/author_role'}, 'author': {'key': '/authors/OL7040892A'}}]",[13944665],2,2,/type/work,/type/datetime,2023-04-13T18:31:00.730419,/type/datetime,2023-05-18T15:50:54.692481,,,,,,,,,,
"['Comic book covers', 'Graphic novels', 'Illustrations', 'Book jackets']",/works/OL31645681W,Dustcovers,"[{'author': {'key': '/authors/OL53305A'}, 'type': {'key': '/type/author_role'}}, {'author': {'key': '/authors/OL219070A'}, 'type': {'key': '/type/author_role'}}]",[13598489],4,4,/type/work,/type/datetime,2022-12-08T07:37:57.893403,/type/datetime,2023-05-18T15:50:54.692481,,,,,,,,,,
,/works/OL35374512W,Sandman,"[{'type': {'key': '/type/author_role'}, 'author': {'key': '/authors/OL53305A'}}]",,2,2,/type/work,/type/datetime,2023-05-18T01:06:56.860312,/type/datetime,2023-05-18T15:50:54.692481,,,,,,,,,,
,/works/OL35051745W,Mitos nórdicos nº 02/03,"[{'type': {'key': '/type/author_role'}, 'author': {'key': '/authors/OL53305A'}}, {'type': {'key': '/type/author_role'}, 'author': {'key': '/authors/OL7992933A'}}, {'type': {'key': '/type/author_role'}, 'author': {'key': '/authors/OL2864353A'}}, {'type': {'key': '/type/author_role'}, 'author': {'key': '/authors/OL7040892A'}}]",[14021987],2,2,/type/work,/type/datetime,2023-04-15T18:00:13.122166,/type/datetime,2023-05-18T15:50:54.692481,,,,,,,,,,
,/works/OL35257257W,Trigger Warning,"[{'type': {'key': '/type/author_role'}, 'author': {'key': '/authors/OL53305A'}}]",[14290097],2,2,/type/work,/type/datetime,2023-04-21T12:00:42.776700,/type/datetime,2023-05-18T15:50:54.692481,,,,,,,,,,
,/works/OL35181461W,Els 13 rellotges,"[{'type': {'key': '/type/author_role'}, 'author': {'key': '/authors/OL9984045A'}}, {'type': {'key': '/type/author_role'}, 'author': {'key': '/authors/OL10139968A'}}, {'type': {'key': '/type/author_role'}, 'author': {'key': '/authors/OL4210497A'}}, {'type': {'key': '/type/author_role'}, 'author': {'key': '/authors/OL53305A'}}]",[14192180],2,2,/type/work,/type/datetime,2023-04-19T20:44:47.337265,/type/datetime,2023-05-18T15:50:54.692481,,,,,,,,,,
,/works/OL34966782W,Sandman : Edición Deluxe vol. 0,"[{'type': {'key': '/type/author_role'}, 'author': {'key': '/authors/OL53305A'}}, {'type': {'key': '/type/author_role'}, 'author': {'key': '/authors/OL9385227A'}}, {'type': {'key': '/type/author_role'}, 'author': {'key': '/authors/OL9117709A'}}]",,2,2,/type/work,/type/datetime,2023-04-12T21:15:35.266992,/type/datetime,2023-05-18T15:50:54.692481,,,,,,,,,,
,/works/OL34966745W,Biblioteca Sandman vol. 13,"[{'type': {'key': '/type/author_role'}, 'author': {'key': '/authors/OL53305A'}}, {'type': {'key': '/type/author_role'}, 'author': {'key': '/authors/OL7993053A'}}, {'type': {'key': '/type/author_role'}, 'author': {'key': '/authors/OL282954A'}}]",[13914356],2,2,/type/work,/type/datetime,2023-04-12T21:12:14.068000,/type/datetime,2023-05-18T15:50:54.692481,,,,,,,,,,
,/works/OL35181459W,Els 13 rellotges,"[{'type': {'key': '/type/author_role'}, 'author': {'key': '/authors/OL9984045A'}}, {'type': {'key': '/type/author_role'}, 'author': {'key': '/authors/OL10139968A'}}, {'type': {'key': '/type/author_role'}, 'author': {'key': '/authors/OL4210497A'}}, {'type': {'key': '/type/author_role'}, 'author': {'key': '/authors/OL53305A'}}]",[14192178],2,2,/type/work,/type/datetime,2023-04-19T20:44:47.339043,/type/datetime,2023-05-18T15:50:54.692481,,,,,,,,,,
,/works/OL34989757W,American Gods Sombras nº 08/09,"[{'type': {'key': '/type/author_role'}, 'author': {'key': '/authors/OL53305A'}}, {'type': {'key': '/type/author_role'}, 'author': {'key': '/authors/OL7992933A'}}, {'type': {'key': '/type/author_role'}, 'author': {'key': '/authors/OL1398733A'}}, {'type': {'key': '/type/author_role'}, 'author': {'key': '/authors/OL7040892A'}}]",[13945006],2,2,/type/work,/type/datetime,2023-04-13T18:44:42.532454,/type/datetime,2023-05-18T15:50:54.692481,,,,,,,,,,
,/works/OL34989495W,American Gods Sombras nº 01/09,"[{'type': {'key': '/type/author_role'}, 'author': {'key': '/authors/OL53305A'}}, {'type': {'key': '/type/author_role'}, 'author': {'key': '/authors/OL1398733A'}}, {'type': {'key': '/type/author_role'}, 'author': {'key': '/authors/OL7992933A'}}, {'type': {'key': '/type/author_role'}, 'author': {'key': '/authors/OL7040892A'}}]",[13944664],2,2,/type/work,/type/datetime,2023-04-13T18:30:52.659603,/type/datetime,2023-05-18T15:50:54.692481,,,,,,,,,,
,/works/OL35166342W,Coraline,"[{'type': {'key': '/type/author_role'}, 'author': {'key': '/authors/OL53305A'}}, {'type': {'key': '/type/author_role'}, 'author': {'key': '/authors/OL12637877A'}}]",[14171422],2,2,/type/work,/type/datetime,2023-04-19T11:52:32.001708,/type/datetime,2023-05-18T15:50:54.692481,,,,,,,,,,
,/works/OL35181460W,Els 13 rellotges,"[{'type': {'key': '/type/author_role'}, 'author': {'key': '/authors/OL9984045A'}}, {'type': {'key': '/type/author_role'}, 'author': {'key': '/authors/OL10139968A'}}, {'type': {'key': '/type/author_role'}, 'author': {'key': '/authors/OL4210497A'}}, {'type': {'key': '/type/author_role'}, 'author': {'key': '/authors/OL53305A'}}]",[14192179],2,2,/type/work,/type/datetime,2023-04-19T20:44:47.340493,/type/datetime,2023-05-18T15:50:54.692481,,,,,,,,,,
,/works/OL34972084W,Objetos frágiles,"[{'type': {'key': '/type/author_role'}, 'author': {'key': '/authors/OL53305A'}}, {'type': {'key': '/type/author_role'}, 'author': {'key': '/authors/OL7992934A'}}]",[13921590],2,2,/type/work,/type/datetime,2023-04-13T03:07:54.792050,/type/datetime,2023-05-18T15:50:54.692481,,,,,,,,,,
,/works/OL35047502W,Coraline,"[{'type': {'key': '/type/author_role'}, 'author': {'key': '/authors/OL53305A'}}, {'type': {'key': '/type/author_role'}, 'author': {'key': '/authors/OL7824837A'}}, {'type': {'key': '/type/author_role'}, 'author': {'key': '/authors/OL12531583A'}}]",[14016345],2,2,/type/work,/type/datetime,2023-04-15T14:22:00.229466,/type/datetime,2023-05-18T15:50:54.692481,,,,,,,,,,
,/works/OL34989532W,American Gods Sombras nº 06/09,"[{'type': {'key': '/type/author_role'}, 'author': {'key': '/authors/OL53305A'}}, {'type': {'key': '/type/author_role'}, 'author': {'key': '/authors/OL7992933A'}}, {'type': {'key': '/type/author_role'}, 'author': {'key': '/authors/OL1398733A'}}, {'type': {'key': '/type/author_role'}, 'author': {'key': '/authors/OL7040892A'}}]",[13944722],2,2,/type/work,/type/datetime,2023-04-13T18:33:00.225596,/type/datetime,2023-05-18T15:50:54.692481,,,,,,,,,,
,/works/OL35154896W,L'oceà al final del camí,"[{'type': {'key': '/type/author_role'}, 'author': {'key': '/authors/OL53305A'}}, {'type': {'key': '/type/author_role'}, 'author': {'key': '/authors/OL10826538A'}}, {'type': {'key': '/type/author_role'}, 'author': {'key': '/authors/OL10826539A'}}]",[14154882],2,2,/type/work,/type/datetime,2023-04-19T03:39:50.019642,/type/datetime,2023-05-18T15:50:54.692481,,,,,,,,,,
,/works/OL35096963W,"L'al.lucinant, galàctic i piràtic viatge del pare","[{'type': {'key': '/type/author_role'}, 'author': {'key': '/authors/OL53305A'}}, {'type': {'key': '/type/author_role'}, 'author': {'key': '/authors/OL8211279A'}}]",[14080290],2,2,/type/work,/type/datetime,2023-04-17T05:13:47.250063,/type/datetime,2023-05-18T15:50:54.692481,,,,,,,,,,
,/works/OL29308390W,Chu's Day,"[{'type': {'key': '/type/author_role'}, 'author': {'key': '/authors/OL53305A'}}, {'type': {'key': '/type/author_role'}, 'author': {'key': '/authors/OL1389833A'}}]",,2,2,/type/work,/type/datetime,2022-11-14T23:20:56.856502,/type/datetime,2023-05-18T15:50:54.692481,,,,,,,,,,
,/works/OL26227840W,Siyah Orkide,"[{'author': {'key': '/authors/OL53305A'}, 'type': {'key': '/type/author_role'}}, {'author': {'key': '/authors/OL219070A'}, 'type': {'key': '/type/author_role'}}]",[12227163],3,3,/type/work,/type/datetime,2021-10-29T09:47:35.734177,/type/datetime,2023-05-18T15:50:54.692481,,,,,,,,,,
,/works/OL34975248W,L'agulla i la noia adormida,"[{'type': {'key': '/type/author_role'}, 'author': {'key': '/authors/OL53305A'}}, {'type': {'key': '/type/author_role'}, 'author': {'key': '/authors/OL8623109A'}}]",[13926164],2,2,/type/work,/type/datetime,2023-04-13T05:23:24.149858,/type/datetime,2023-05-18T15:50:54.692481,,,,,,,,,,
,/works/OL34989539W,American Gods Sombras nº 05/09,"[{'type': {'key': '/type/author_role'}, 'author': {'key': '/authors/OL53305A'}}, {'type': {'key': '/type/author_role'}, 'author': {'key': '/authors/OL7992933A'}}, {'type': {'key': '/type/author_role'}, 'author': {'key': '/authors/OL7040892A'}}]",[13944729],2,2,/type/work,/type/datetime,2023-04-13T18:33:16.497693,/type/datetime,2023-05-18T15:50:54.692481,,,,,,,,,,
,/works/OL24537066W,Surviving Tomorrow,"[{'type': {'key': '/type/author_role'}, 'author': {'key': '/authors/OL7306886A'}}, {'type': {'key': '/type/author_role'}, 'author': {'key': '/authors/OL53305A'}}, {'type': {'key': '/type/author_role'}, 'author': {'key': '/authors/OL25161A'}}, {'type': {'key': '/type/author_role'}, 'author': {'key': '/authors/OL1394244A'}}, {'type': {'key': '/type/author_role'}, 'author': {'key': '/authors/OL2801197A'}}, {'type': {'key': '/type/author_role'}, 'author': {'key': '/authors/OL1124085A'}}, {'type': {'key': '/type/author_role'}, 'author': {'key': '/authors/OL7228210A'}}, {'type': {'key': '/type/author_role'}, 'author': {'key': '/authors/OL6807570A'}}, {'type': {'key': '/type/author_role'}, 'author': {'key': '/authors/OL28760A'}}, {'type': {'key': '/type/author_role'}, 'author': {'key': '/authors/OL1232623A'}}]",[11174500],13,13,/type/work,/type/datetime,2021-05-28T02:15:13.898502,/type/datetime,2023-05-15T07:01:57.551094,,,,,,,,,,
"[""Children's stories, English"", ""Children's stories, American"", ""Children's stories""]",/works/OL21164187W,Midnight Feast,"[{'author': {'key': '/authors/OL92953A'}, 'type': {'key': '/type/author_role'}}, {'author': {'key': '/authors/OL1392395A'}, 'type': {'key': '/type/author_role'}}, {'author': {'key': '/authors/OL304163A'}, 'type': {'key': '/type/author_role'}}, {'author': {'key': '/authors/OL20100A'}, 'type': {'key': '/type/author_role'}}, {'author': {'key': '/authors/OL1394277A'}, 'type': {'key': '/type/author_role'}}, {'author': {'key': '/authors/OL31309A'}, 'type': {'key': '/type/author_role'}}, {'author': {'key': '/authors/OL588072A'}, 'type': {'key': '/type/author_role'}}, {'author': {'key': '/authors/OL249804A'}, 'type': {'key': '/type/author_role'}}, {'author': {'key': '/authors/OL2623945A'}, 'type': {'key': '/type/author_role'}}, {'author': {'key': '/authors/OL53305A'}, 'type': {'key': '/type/author_role'}}, {'author': {'key': '/authors/OL329632A'}, 'type': {'key': '/type/author_role'}}, {'author': {'key': '/authors/OL5930303A'}, 'type': {'key': '/type/author_role'}}, {'author': {'key': '/authors/OL528888A'}, 'type': {'key': '/type/author_role'}}, {'author': {'key': '/authors/OL29053A'}, 'type': {'key': '/type/author_role'}}, {'author': {'key': '/authors/OL27229A'}, 'type': {'key': '/type/author_role'}}, {'author': {'key': '/authors/OL2632021A'}, 'type': {'key': '/type/author_role'}}, {'author': {'key': '/authors/OL1424877A'}, 'type': {'key': '/type/author_role'}}, {'author': {'key': '/authors/OL31800A'}, 'type': {'key': '/type/author_role'}}, {'author': {'key': '/authors/OL382982A'}, 'type': {'key': '/type/author_role'}}, {'author': {'key': '/authors/OL33016A'}, 'type': {'key': '/type/author_role'}}, {'author': {'key': '/authors/OL29282A'}, 'type': {'key': '/type/author_role'}}, {'author': {'key': '/authors/OL1392583A'}, 'type': {'key': '/type/author_role'}}, {'author': {'key': '/authors/OL29219A'}, 'type': {'key': '/type/author_role'}}, {'author': {'key': '/authors/OL1389760A'}, 'type': {'key': '/type/author_role'}}]",[10330577],7,7,/type/work,/type/datetime,2020-08-08T14:56:34.248414,/type/datetime,2023-05-11T15:55:14.358472,,,,,,,,,,
"['American Fantasy fiction', 'American Erotic stories', 'Horror tales', 'Fiction, short stories (single author)', 'Fiction, science fiction, general']",/works/OL86473W,Sirens and Other Daemon Lovers,"[{'type': {'key': '/type/author_role'}, 'author': {'key': '/authors/OL31853A'}}, {'type': {'key': '/type/author_role'}, 'author': {'key': '/authors/OL26470A'}}, {'type': {'key': '/type/author_role'}, 'author': {'key': '/authors/OL32981A'}}, {'type': {'key': '/type/author_role'}, 'author': {'key': '/authors/OL23918A'}}, {'type': {'key': '/type/author_role'}, 'author': {'key': '/authors/OL2701609A'}}, {'type': {'key': '/type/author_role'}, 'author': {'key': '/authors/OL5866119A'}}, {'type': {'key': '/type/author_role'}, 'author': {'key': '/authors/OL39102A'}}, {'type': {'key': '/type/author_role'}, 'author': {'key': '/authors/OL459232A'}}, {'type': {'key': '/type/author_role'}, 'author': {'key': '/authors/OL18722A'}}, {'type': {'key': '/type/author_role'}, 'author': {'key': '/authors/OL2702046A'}}, {'type': {'key': '/type/author_role'}, 'author': {'key': '/authors/OL53305A'}}, {'type': {'key': '/type/author_role'}, 'author': {'key': '/authors/OL2830883A'}}, {'type': {'key': '/type/author_role'}, 'author': {'key': '/authors/OL1477972A'}}, {'type': {'key': '/type/author_role'}, 'author': {'key': '/authors/OL2645208A'}}, {'type': {'key': '/type/author_role'}, 'author': {'key': '/authors/OL292595A'}}, {'type': {'key': '/type/author_role'}, 'author': {'key': '/authors/OL1391072A'}}, {'type': {'key': '/type/author_role'}, 'author': {'key': '/authors/OL579177A'}}, {'type': {'key': '/type/author_role'}, 'author': {'key': '/authors/OL3106370A'}}, {'type': {'key': '/type/author_role'}, 'author': {'key': '/authors/OL7505298A'}}, {'type': {'key': '/type/author_role'}, 'author': {'key': '/authors/OL7505299A'}}, {'type': {'key': '/type/author_role'}, 'author': {'key': '/authors/OL772148A'}}, {'type': {'key': '/type/author_role'}, 'author': {'key': '/authors/OL371862A'}}, {'type': {'key': '/type/author_role'}, 'author': {'key': '/authors/OL722399A'}}, {'type': {'key': '/type/author_role'}, 'author': {'key': '/authors/OL34358A'}}]","[44355, 44091]",13,13,/type/work,/type/datetime,2009-10-17T11:24:20.769455,/type/datetime,2023-05-10T19:20:03.711595,Magical Tales of Love and Seduction,,,,,,,,,
"['American Fantasy fiction', 'American Horror tales', 'Short stories', 'Zombies', 'Fiction', 'Horror tales', 'Fantasy fiction']",/works/OL19755855W,Zombies,"[{'author': {'key': '/authors/OL2827555A'}, 'type': {'key': '/type/author_role'}}, {'author': {'key': '/authors/OL4864074A'}, 'type': {'key': '/type/author_role'}}, {'author': {'key': '/authors/OL7502554A'}, 'type': {'key': '/type/author_role'}}, {'author': {'key': '/authors/OL1437759A'}, 'type': {'key': '/type/author_role'}}, {'author': {'key': '/authors/OL23288A'}, 'type': {'key': '/type/author_role'}}, {'author': {'key': '/authors/OL12487098A'}, 'type': {'key': '/type/author_role'}}, {'author': {'key': '/authors/OL3160661A'}, 'type': {'key': '/type/author_role'}}, {'author': {'key': '/authors/OL7483467A'}, 'type': {'key': '/type/author_role'}}, {'author': {'key': '/authors/OL5614058A'}, 'type': {'key': '/type/author_role'}}, {'author': {'key': '/authors/OL1390519A'}, 'type': {'key': '/type/author_role'}}, {'author': {'key': '/authors/OL2865596A'}, 'type': {'key': '/type/author_role'}}, {'author': {'key': '/authors/OL7314543A'}, 'type': {'key': '/type/author_role'}}, {'author': {'key': '/authors/OL7497347A'}, 'type': {'key': '/type/author_role'}}, {'author': {'key': '/authors/OL7509275A'}, 'type': {'key': '/type/author_role'}}, {'author': {'key': '/authors/OL1397154A'}, 'type': {'key': '/type/author_role'}}, {'author': {'key': '/authors/OL7554450A'}, 'type': {'key': '/type/author_role'}}, {'author': {'key': '/authors/OL2718036A'}, 'type': {'key': '/type/author_role'}}, {'author': {'key': '/authors/OL2711192A'}, 'type': {'key': '/type/author_role'}}, {'author': {'key': '/authors/OL1481764A'}, 'type': {'key': '/type/author_role'}}, {'author': {'key': '/authors/OL397402A'}, 'type': {'key': '/type/author_role'}}, {'author': {'key': '/authors/OL757688A'}, 'type': {'key': '/type/author_role'}}, {'author': {'key': '/authors/OL2711187A'}, 'type': {'key': '/type/author_role'}}, {'author': {'key': '/authors/OL7239909A'}, 'type': {'key': '/type/author_role'}}, {'author': {'key': '/authors/OL7483937A'}, 'type': {'key': '/type/author_role'}}, {'author': {'key': '/authors/OL3101846A'}, 'type': {'key': '/type/author_role'}}, {'author': {'key': '/authors/OL7226378A'}, 'type': {'key': '/type/author_role'}}, {'author': {'key': '/authors/OL5129995A'}, 'type': {'key': '/type/author_role'}}, {'author': {'key': '/authors/OL3392405A'}, 'type': {'key': '/type/author_role'}}, {'author': {'key': '/authors/OL1125372A'}, 'type': {'key': '/type/author_role'}}, {'author': {'key': '/authors/OL27269A'}, 'type': {'key': '/type/author_role'}}, {'author': {'key': '/authors/OL10927686A'}, 'type': {'key': '/type/author_role'}}, {'author': {'key': '/authors/OL9144014A'}, 'type': {'key': '/type/author_role'}}, {'author': {'key': '/authors/OL53305A'}, 'type': {'key': '/type/author_role'}}, {'author': {'key': '/authors/OL3597988A'}, 'type': {'key': '/type/author_role'}}, {'author': {'key': '/authors/OL7601151A'}, 'type': {'key': '/type/author_role'}}, {'author': {'key': '/authors/OL19593A'}, 'type': {'key': '/type/author_role'}}, {'author': {'key': '/authors/OL23891A'}, 'type': {'key': '/type/author_role'}}, {'author': {'key': '/authors/OL1424323A'}, 'type': {'key': '/type/author_role'}}, {'author': {'key': '/authors/OL1482402A'}, 'type': {'key': '/type/author_role'}}, {'author': {'key': '/authors/OL7520890A'}, 'type': {'key': '/type/author_role'}}, {'author': {'key': '/authors/OL3023962A'}, 'type': {'key': '/type/author_role'}}, {'author': {'key': '/authors/OL1437068A'}, 'type': {'key': '/type/author_role'}}, {'author': {'key': '/authors/OL885590A'}, 'type': {'key': '/type/author_role'}}, {'author': {'key': '/authors/OL8649667A'}, 'type': {'key': '/type/author_role'}}, {'author': {'key': '/authors/OL1452221A'}, 'type': {'key': '/type/author_role'}}, {'author': {'key': '/authors/OL7554465A'}, 'type': {'key': '/type/author_role'}}, {'author': {'key': '/authors/OL1425196A'}, 'type': {'key': '/type/author_role'}}, {'author': {'key': '/authors/OL1423025A'}, 'type': {'key': '/type/author_role'}}, {'author': {'key': '/authors/OL6094963A'}, 'type': {'key': '/type/author_role'}}, {'author': {'key': '/authors/OL397814A'}, 'type': {'key': '/type/author_role'}}, {'author': {'key': '/authors/OL22255A'}, 'type': {'key': '/type/author_role'}}, {'author': {'key': '/authors/OL70928A'}, 'type': {'key': '/type/author_role'}}, {'author': {'key': '/authors/OL220575A'}, 'type': {'key': '/type/author_role'}}, {'author': {'key': '/authors/OL8649666A'}, 'type': {'key': '/type/author_role'}}, {'author': {'key': '/authors/OL1392479A'}, 'type': {'key': '/type/author_role'}}, {'author': {'key': '/authors/OL3042054A'}, 'type': {'key': '/type/author_role'}}]",[8577778],13,13,/type/work,/type/datetime,2019-05-24T16:19:38.510003,/type/datetime,2023-04-26T08:11:17.542346,,"""The living dead are more alive than ever! Zombies have become more than an iconic monster for the twenty-first century: they are now a phenomenon constantly revealing as much about ourselves--and our fascination with death, resurrection, and survival--as our love the supernatural or post-apocalyptic speculation. Our most imaginative literary minds have been devoured by these incredible creatures and produced exciting, insightful, and unflinching new works of zombie fiction. We've again dug up the best stories--even some poetry--publish in the last few years and compiled them into an anthology to feed your insatiable hunger""--Page 4 of cover.",,,,,,,,
"['English Fantasy fiction', 'English Horror tales', 'American Fantasy fiction', 'American Horror tales', 'Nouvelles fantastiques américaines', ""Littérature d'épouvante américaine"", 'Nouvelles américaines']",/works/OL17436502W,The Year's Best Dark Fantasy & Horror 2011,"[{'author': {'key': '/authors/OL2827555A'}, 'type': {'key': '/type/author_role'}}, {'author': {'key': '/authors/OL1606907A'}, 'type': {'key': '/type/author_role'}}, {'author': {'key': '/authors/OL558004A'}, 'type': {'key': '/type/author_role'}}, {'author': {'key': '/authors/OL397402A'}, 'type': {'key': '/type/author_role'}}, {'author': {'key': '/authors/OL3023962A'}, 'type': {'key': '/type/author_role'}}, {'author': {'key': '/authors/OL7490282A'}, 'type': {'key': '/type/author_role'}}, {'author': {'key': '/authors/OL7962687A'}, 'type': {'key': '/type/author_role'}}, {'author': {'key': '/authors/OL1388816A'}, 'type': {'key': '/type/author_role'}}, {'author': {'key': '/authors/OL5224004A'}, 'type': {'key': '/type/author_role'}}, {'author': {'key': '/authors/OL19593A'}, 'type': {'key': '/type/author_role'}}, {'author': {'key': '/authors/OL5148943A'}, 'type': {'key': '/type/author_role'}}, {'author': {'key': '/authors/OL2630821A'}, 'type': {'key': '/type/author_role'}}, {'author': {'key': '/authors/OL23918A'}, 'type': {'key': '/type/author_role'}}, {'author': {'key': '/authors/OL1390519A'}, 'type': {'key': '/type/author_role'}}, {'author': {'key': '/authors/OL2827578A'}, 'type': {'key': '/type/author_role'}}, {'author': {'key': '/authors/OL7481806A'}, 'type': {'key': '/type/author_role'}}, {'author': {'key': '/authors/OL53305A'}, 'type': {'key': '/type/author_role'}}, {'author': {'key': '/authors/OL604306A'}, 'type': {'key': '/type/author_role'}}, {'author': {'key': '/authors/OL4399471A'}, 'type': {'key': '/type/author_role'}}, {'author': {'key': '/authors/OL6788761A'}, 'type': {'key': '/type/author_role'}}, {'author': {'key': '/authors/OL5085895A'}, 'type': {'key': '/type/author_role'}}, {'author': {'key': '/authors/OL3597984A'}, 'type': {'key': '/type/author_role'}}, {'author': {'key': '/authors/OL7502314A'}, 'type': {'key': '/type/author_role'}}, {'author': {'key': '/authors/OL7500290A'}, 'type': {'key': '/type/author_role'}}, {'author': {'key': '/authors/OL2850261A'}, 'type': {'key': '/type/author_role'}}, {'author': {'key': '/authors/OL12508939A'}, 'type': {'key': '/type/author_role'}}, {'author': {'key': '/authors/OL1430285A'}, 'type': {'key': '/type/author_role'}}, {'author': {'key': '/authors/OL12508940A'}, 'type': {'key': '/type/author_role'}}, {'author': {'key': '/authors/OL7239909A'}, 'type': {'key': '/type/author_role'}}, {'author': {'key': '/authors/OL40077A'}, 'type': {'key': '/type/author_role'}}, {'author': {'key': '/authors/OL234664A'}, 'type': {'key': '/type/author_role'}}, {'author': {'key': '/authors/OL7517201A'}, 'type': {'key': '/type/author_role'}}]",[7575323],9,9,/type/work,/type/datetime,2016-10-14T07:35:01.606177,/type/datetime,2023-04-26T08:11:17.542346,,,,,,,,,,
,/works/OL24205208W,The Year’s Best Dark Fantasy & Horror: 2016,"[{'author': {'key': '/authors/OL7159378A'}, 'type': {'key': '/type/author_role'}}, {'author': {'key': '/authors/OL1430285A'}, 'type': {'key': '/type/author_role'}}, {'author': {'key': '/authors/OL1390519A'}, 'type': {'key': '/type/author_role'}}, {'author': {'key': '/authors/OL7481806A'}, 'type': {'key': '/type/author_role'}}, {'author': {'key': '/authors/OL240412A'}, 'type': {'key': '/type/author_role'}}, {'author': {'key': '/authors/OL7475352A'}, 'type': {'key': '/type/author_role'}}, {'author': {'key': '/authors/OL397402A'}, 'type': {'key': '/type/author_role'}}, {'author': {'key': '/authors/OL7485563A'}, 'type': {'key': '/type/author_role'}}, {'author': {'key': '/authors/OL3026350A'}, 'type': {'key': '/type/author_role'}}, {'author': {'key': '/authors/OL6807570A'}, 'type': {'key': '/type/author_role'}}, {'author': {'key': '/authors/OL7483937A'}, 'type': {'key': '/type/author_role'}}, {'author': {'key': '/authors/OL7483817A'}, 'type': {'key': '/type/author_role'}}, {'author': {'key': '/authors/OL7568388A'}, 'type': {'key': '/type/author_role'}}, {'author': {'key': '/authors/OL7510925A'}, 'type': {'key': '/type/author_role'}}, {'author': {'key': '/authors/OL3075855A'}, 'type': {'key': '/type/author_role'}}, {'author': {'key': '/authors/OL53305A'}, 'type': {'key': '/type/author_role'}}, {'author': {'key': '/authors/OL4094327A'}, 'type': {'key': '/type/author_role'}}, {'author': {'key': '/authors/OL558004A'}, 'type': {'key': '/type/author_role'}}, {'author': {'key': '/authors/OL2827463A'}, 'type': {'key': '/type/author_role'}}, {'author': {'key': '/authors/OL7522275A'}, 'type': {'key': '/type/author_role'}}, {'author': {'key': '/authors/OL7497149A'}, 'type': {'key': '/type/author_role'}}, {'author': {'key': '/authors/OL7509269A'}, 'type': {'key': '/type/author_role'}}, {'author': {'key': '/authors/OL2634255A'}, 'type': {'key': '/type/author_role'}}, {'author': {'key': '/authors/OL9106287A'}, 'type': {'key': '/type/author_role'}}, {'author': {'key': '/authors/OL833754A'}, 'type': {'key': '/type/author_role'}}, {'author': {'key': '/authors/OL7493595A'}, 'type': {'key': '/type/author_role'}}, {'author': {'key': '/authors/OL7132774A'}, 'type': {'key': '/type/author_role'}}, {'author': {'key': '/authors/OL3597989A'}, 'type': {'key': '/type/author_role'}}, {'author': {'key': '/authors/OL7483074A'}, 'type': {'key': '/type/author_role'}}]",,3,3,/type/work,/type/datetime,2021-02-18T15:14:44.576419,/type/datetime,2023-04-26T08:11:17.542346,,,,,,,,,,
['Graphic arts'],/works/OL28323957W,Chip Kidd,"[{'type': {'key': '/type/author_role'}, 'author': {'key': '/authors/OL548344A'}}, {'type': {'key': '/type/author_role'}, 'author': {'key': '/authors/OL382524A'}}, {'type': {'key': '/type/author_role'}, 'author': {'key': '/authors/OL53305A'}}, {'type': {'key': '/type/author_role'}, 'author': {'key': '/authors/OL96984A'}}]",,4,4,/type/work,/type/datetime,2022-07-18T09:31:15.479384,/type/datetime,2023-04-25T14:48:33.220562,,,,,,,,,,
,/works/OL34955743W,Batman,"[{'author': {'key': '/authors/OL53305A'}, 'type': {'key': '/type/author_role'}}]",,2,2,/type/work,/type/datetime,2023-04-03T22:32:02.204594,/type/datetime,2023-04-03T22:34:55.470454,Whatever Happened to the Caped Crusader,,,,,,,,,
"['Fiction', 'End of the world', 'American Science fiction', 'English Science fiction', 'Science fiction, american', 'Science fiction, english']",/works/OL15975006W,The End of the World,"[{'author': {'key': '/authors/OL1758415A'}, 'type': {'key': '/type/author_role'}}, {'author': {'key': '/authors/OL53305A'}, 'type': {'key': '/type/author_role'}}, {'author': {'key': '/authors/OL25161A'}, 'type': {'key': '/type/author_role'}}, {'author': {'key': '/authors/OL234664A'}, 'type': {'key': '/type/author_role'}}, {'author': {'key': '/authors/OL1124085A'}, 'type': {'key': '/type/author_role'}}, {'author': {'key': '/authors/OL2705448A'}, 'type': {'key': '/type/author_role'}}, {'author': {'key': '/authors/OL19610A'}, 'type': {'key': '/type/author_role'}}, {'author': {'key': '/authors/OL4761774A'}, 'type': {'key': '/type/author_role'}}, {'author': {'key': '/authors/OL1755216A'}, 'type': {'key': '/type/author_role'}}, {'author': {'key': '/authors/OL225268A'}, 'type': {'key': '/type/author_role'}}, {'author': {'key': '/authors/OL4587302A'}, 'type': {'key': '/type/author_role'}}, {'author': {'key': '/authors/OL32471A'}, 'type': {'key': '/type/author_role'}}, {'author': {'key': '/authors/OL39102A'}, 'type': {'key': '/type/author_role'}}, {'author': {'key': '/authors/OL228968A'}, 'type': {'key': '/type/author_role'}}, {'author': {'key': '/authors/OL2674323A'}, 'type': {'key': '/type/author_role'}}, {'author': {'key': '/authors/OL221112A'}, 'type': {'key': '/type/author_role'}}, {'author': {'key': '/authors/OL231796A'}, 'type': {'key': '/type/author_role'}}, {'author': {'key': '/authors/OL2623461A'}, 'type': {'key': '/type/author_role'}}, {'author': {'key': '/authors/OL1427514A'}, 'type': {'key': '/type/author_role'}}, {'author': {'key': '/authors/OL24072A'}, 'type': {'key': '/type/author_role'}}]",[12802707],20,20,/type/work,/type/datetime,2011-07-29T01:41:37.724600,/type/datetime,2023-04-11T21:35:11.376382,Stories of the Apocalypse,,,,,,,,,
"['American Science fiction', 'Science fiction, American', 'Translations into Russian', 'Fiction, general', 'American literature']",/works/OL15859294W,The Man in the Maze,"[{'type': {'key': '/type/author_role'}, 'author': {'key': '/authors/OL1124085A'}}, {'type': {'key': '/type/author_role'}, 'author': {'key': '/authors/OL53305A'}}, {'type': {'key': '/type/author_role'}, 'author': {'key': '/authors/OL9686808A'}}]","[6821949, 477516, 11559967]",12,12,/type/work,/type/datetime,2011-07-14T05:19:15.890907,/type/datetime,2023-03-26T21:43:38.775617,,,1969,,,,,,,
"['Human-alien encounters', 'Fiction', 'Fiction, science fiction, general']",/works/OL19271384W,Alien Contact,"[{'type': {'key': '/type/author_role'}, 'author': {'key': '/authors/OL7476937A'}}, {'type': {'key': '/type/author_role'}, 'author': {'key': '/authors/OL53305A'}}, {'type': {'key': '/type/author_role'}, 'author': {'key': '/authors/OL2162284A'}}, {'type': {'key': '/type/author_role'}, 'author': {'key': '/authors/OL25161A'}}, {'type': {'key': '/type/author_role'}, 'author': {'key': '/authors/OL1394244A'}}, {'type': {'key': '/type/author_role'}, 'author': {'key': '/authors/OL31353A'}}, {'type': {'key': '/type/author_role'}, 'author': {'key': '/authors/OL7276210A'}}, {'type': {'key': '/type/author_role'}, 'author': {'key': '/authors/OL387505A'}}, {'type': {'key': '/type/author_role'}, 'author': {'key': '/authors/OL23207A'}}, {'type': {'key': '/type/author_role'}, 'author': {'key': '/authors/OL796062A'}}, {'type': {'key': '/type/author_role'}, 'author': {'key': '/authors/OL371862A'}}, {'type': {'key': '/type/author_role'}, 'author': {'key': '/authors/OL2676660A'}}, {'type': {'key': '/type/author_role'}, 'author': {'key': '/authors/OL577531A'}}, {'type': {'key': '/type/author_role'}, 'author': {'key': '/authors/OL1521321A'}}, {'type': {'key': '/type/author_role'}, 'author': {'key': '/authors/OL20965A'}}, {'type': {'key': '/type/author_role'}, 'author': {'key': '/authors/OL1517265A'}}, {'type': {'key': '/type/author_role'}, 'author': {'key': '/authors/OL39102A'}}, {'type': {'key': '/type/author_role'}, 'author': {'key': '/authors/OL1391072A'}}, {'type': {'key': '/type/author_role'}, 'author': {'key': '/authors/OL24838A'}}, {'type': {'key': '/type/author_role'}, 'author': {'key': '/authors/OL221112A'}}, {'type': {'key': '/type/author_role'}, 'author': {'key': '/authors/OL7493826A'}}, {'type': {'key': '/type/author_role'}, 'author': {'key': '/authors/OL1124085A'}}, {'type': {'key': '/type/author_role'}, 'author': {'key': '/authors/OL26171A'}}, {'type': {'key': '/type/author_role'}, 'author': {'key': '/authors/OL39887A'}}, {'type': {'key': '/type/author_role'}, 'author': {'key': '/authors/OL226057A'}}, {'type': {'key': '/type/author_role'}, 'author': {'key': '/authors/OL343157A'}}, {'type': {'key': '/type/author_role'}, 'author': {'key': '/authors/OL7553604A'}}]",[13902176],12,12,/type/work,/type/datetime,2019-03-12T21:44:50.967180,/type/datetime,2023-04-11T21:34:52.743809,,"The thought war / Paul McAuley
How to talk to girls at parties / Neil Gaiman
Face value / Karen Joy Fowler
The road not taken / Harry Turtledove
The aliens who knew, I mean, everything / George Alec Effinger
I am the doorway / Stephen King
Recycling strategies for the inner city / Pat Murphy
The 43 Antarean dynasties / Mike Resnick
The gold bug / Orson Scott Card
Kin / Bruce McAllister
Guerrilla mural of a siren's song / Ernest Hogan
Angel / Pat Cadigan
The first contact with the gorgonids / Ursula K. Le Guin
Sunday night yams at Minnie and Earl's / Adam-Troy Castro
A midwinter's tale / Michael Swanwick
Texture of other ways / Mark W. Tiedemann
To go boldly / Cory Doctorow
If nudity offends you / Elizabeth Moon
Laws of survival / Nancy Kress
What you are about to see / Jack Skillingstead
Amanda and the alien / Robert Silverberg
Exo-skeleton town / Jeffrey Ford
Lambing season / Molly Gloss
Swarm / Bruce Sterling
MAXO signals / Charles Stross
Last contact / Stephen Baxter",,,,,,,,
"['Zombies', 'Fiction', 'Horror tales', 'Horror stories', 'Horror fiction', 'Short stories', 'fishing boats', 'Wormwood', 'ozone layer', 'zombie apocalypse', 'Fantasy fiction']",/works/OL13750732W,The Living Dead,"[{'author': {'key': '/authors/OL6591783A'}, 'type': {'key': '/type/author_role'}}, {'author': {'key': '/authors/OL235668A'}, 'type': {'key': '/type/author_role'}}, {'author': {'key': '/authors/OL1425196A'}, 'type': {'key': '/type/author_role'}}, {'author': {'key': '/authors/OL240412A'}, 'type': {'key': '/type/author_role'}}, {'author': {'key': '/authors/OL34236A'}, 'type': {'key': '/type/author_role'}}, {'author': {'key': '/authors/OL70928A'}, 'type': {'key': '/type/author_role'}}, {'author': {'key': '/authors/OL25322A'}, 'type': {'key': '/type/author_role'}}, {'author': {'key': '/authors/OL39102A'}, 'type': {'key': '/type/author_role'}}, {'author': {'key': '/authors/OL224905A'}, 'type': {'key': '/type/author_role'}}, {'author': {'key': '/authors/OL6624994A'}, 'type': {'key': '/type/author_role'}}, {'author': {'key': '/authors/OL888905A'}, 'type': {'key': '/type/author_role'}}, {'author': {'key': '/authors/OL2621804A'}, 'type': {'key': '/type/author_role'}}, {'author': {'key': '/authors/OL7303457A'}, 'type': {'key': '/type/author_role'}}, {'author': {'key': '/authors/OL2631898A'}, 'type': {'key': '/type/author_role'}}, {'author': {'key': '/authors/OL26995A'}, 'type': {'key': '/type/author_role'}}, {'author': {'key': '/authors/OL1606907A'}, 'type': {'key': '/type/author_role'}}, {'author': {'key': '/authors/OL6466652A'}, 'type': {'key': '/type/author_role'}}, {'author': {'key': '/authors/OL9279984A'}, 'type': {'key': '/type/author_role'}}, {'author': {'key': '/authors/OL2162284A'}, 'type': {'key': '/type/author_role'}}, {'author': {'key': '/authors/OL28280A'}, 'type': {'key': '/type/author_role'}}, {'author': {'key': '/authors/OL2874660A'}, 'type': {'key': '/type/author_role'}}, {'author': {'key': '/authors/OL234664A'}, 'type': {'key': '/type/author_role'}}, {'author': {'key': '/authors/OL19593A'}, 'type': {'key': '/type/author_role'}}, {'author': {'key': '/authors/OL7833499A'}, 'type': {'key': '/type/author_role'}}, {'author': {'key': '/authors/OL246532A'}, 'type': {'key': '/type/author_role'}}, {'author': {'key': '/authors/OL53305A'}, 'type': {'key': '/type/author_role'}}, {'author': {'key': '/authors/OL9279985A'}, 'type': {'key': '/type/author_role'}}, {'author': {'key': '/authors/OL1517265A'}, 'type': {'key': '/type/author_role'}}, {'author': {'key': '/authors/OL1437068A'}, 'type': {'key': '/type/author_role'}}, {'author': {'key': '/authors/OL397484A'}, 'type': {'key': '/type/author_role'}}, {'author': {'key': '/authors/OL7304239A'}, 'type': {'key': '/type/author_role'}}, {'author': {'key': '/authors/OL200394A'}, 'type': {'key': '/type/author_role'}}, {'author': {'key': '/authors/OL1124085A'}, 'type': {'key': '/type/author_role'}}, {'author': {'key': '/authors/OL40965A'}, 'type': {'key': '/type/author_role'}}, {'author': {'key': '/authors/OL885590A'}, 'type': {'key': '/type/author_role'}}, {'author': {'key': '/authors/OL2634255A'}, 'type': {'key': '/type/author_role'}}]","[7072630, 8576998]",17,17,/type/work,/type/datetime,2009-12-11T10:30:48.421569,/type/datetime,2023-03-26T21:43:38.775617,,,2008,['PS648.Z64 L58 2008'],['813/.0873808'],"['Gennesault', 'Maine', 'south pole']","['Maddie Pace', 'Frank Daggett']",/type/text,"Contains:
This year's class picture / Dan Simmons --
Some zombie contingency plans / Kelly Link --
Death and suffrage / Dale Bailey --
Ghost dance / Sherman Alexie --
Blossom / David J. Schow --
The third dead body / Nina Kiriki Hoffman --
The dead / Michael Swanwick --
The dead kid / Darrell Schweitzer --
Malthusian's zombie / Jeffrey Ford --
Beautiful stuff / Susan Palwick --
Sex, death, and starshine / Clive Barker --
Stockholm syndrome / David Tallerman --
Bobby Conroy comes back from the dead / Joe Hill --
Those who seek forgiveness / Laurell K. Hamilton --
In beauty, like the night / Norman Partridge --
Prairie / Brian Evenson --
Everything is better with zombies / Hannah Wolf Bowen --
[Home Delivery](https://openlibrary.org/works/OL19650837W) / Stephen King --
Less than zombie / Douglas E. Winter --
Sparks fly upward / Lisa Morton --
Meathouse man / George R.R. Martin --
Deadman's road / Joe R. Lansdale --
The skull-faced boy / David Barr Kirtley --
The age of sorrow / Nancy Kilpatrick --
Bitter grounds / Neil Gaiman --
She's taking her tits to the grave / Catherine Cheek --
Dead like me / Adam-Troy Castro --
Zora and the zombie / Andy Duncan --
Calcutta, lord of nerves / Poppy Z. Brite --
Followed / Will McIntosh --
The song the zombie sang / Harlan Ellison and Robert Silverberg --
Passion play / Nancy Holder --
Almost the last story by almost the last man / Scott Edelman --
How the day runs down / John Langan.",
,/works/OL24484847W,"Relics, Wrecks and Ruins","[{'author': {'key': '/authors/OL7476083A'}, 'type': {'key': '/type/author_role'}}, {'author': {'key': '/authors/OL53305A'}, 'type': {'key': '/type/author_role'}}, {'author': {'key': '/authors/OL4094327A'}, 'type': {'key': '/type/author_role'}}, {'author': {'key': '/authors/OL1124085A'}, 'type': {'key': '/type/author_role'}}, {'author': {'key': '/authors/OL382982A'}, 'type': {'key': '/type/author_role'}}, {'author': {'key': '/authors/OL1516311A'}, 'type': {'key': '/type/author_role'}}, {'author': {'key': '/authors/OL6834725A'}, 'type': {'key': '/type/author_role'}}, {'author': {'key': '/authors/OL1476966A'}, 'type': {'key': '/type/author_role'}}, {'author': {'key': '/authors/OL1393212A'}, 'type': {'key': '/type/author_role'}}, {'author': {'key': '/authors/OL24104A'}, 'type': {'key': '/type/author_role'}}]",[11099066],11,11,/type/work,/type/datetime,2021-05-16T06:12:17.684444,/type/datetime,2023-03-26T21:43:38.775617,,,,,,,,,,
,/works/OL34922737W,Oceanen vid vägens slut,"[{'author': {'key': '/authors/OL53305A'}, 'type': {'key': '/type/author_role'}}]",,1,1,/type/work,/type/datetime,2023-03-21T05:53:31.711449,/type/datetime,2023-03-21T05:53:31.711449,,,,,,,,,,
,/works/OL34922664W,Goda omen,"[{'author': {'key': '/authors/OL25712A'}, 'type': {'key': '/type/author_role'}}, {'author': {'key': '/authors/OL53305A'}, 'type': {'key': '/type/author_role'}}]",,1,1,/type/work,/type/datetime,2023-03-21T05:50:38.018309,/type/datetime,2023-03-21T05:50:38.018309,,,,,,,,,,
,/works/OL33879750W,Graveyard Book,"[{'type': {'key': '/type/author_role'}, 'author': {'key': '/authors/OL53305A'}}]",,2,2,/type/work,/type/datetime,2023-01-15T02:01:28.403099,/type/datetime,2023-03-19T17:38:48.118928,,,,,,,,,,
,/works/OL28618028W,Fantasy : the Best of the Year,"[{'type': {'key': '/type/author_role'}, 'author': {'key': '/authors/OL53305A'}}, {'type': {'key': '/type/author_role'}, 'author': {'key': '/authors/OL10444234A'}}, {'type': {'key': '/type/author_role'}, 'author': {'key': '/authors/OL2827545A'}}, {'type': {'key': '/type/author_role'}, 'author': {'key': '/authors/OL10075317A'}}, {'type': {'key': '/type/author_role'}, 'author': {'key': '/authors/OL2843691A'}}]",,2,2,/type/work,/type/datetime,2022-08-17T08:41:19.266841,/type/datetime,2023-03-19T17:38:48.118928,,,,,,,,,,
,/works/OL34869556W,L'océan au bout du chemin,"[{'type': {'key': '/type/author_role'}, 'author': {'key': '/authors/OL53305A'}}, {'type': {'key': '/type/author_role'}, 'author': {'key': '/authors/OL3113904A'}}]",[13661987],2,2,/type/work,/type/datetime,2023-03-19T13:28:02.539402,/type/datetime,2023-03-19T17:38:48.118928,,,,,,,,,,
,/works/OL29278173W,Neverwhere,"[{'type': {'key': '/type/author_role'}, 'author': {'key': '/authors/OL53305A'}}, {'type': {'key': '/type/author_role'}, 'author': {'key': '/authors/OL10826538A'}}, {'type': {'key': '/type/author_role'}, 'author': {'key': '/authors/OL10826539A'}}]",,2,2,/type/work,/type/datetime,2022-11-11T15:25:27.336416,/type/datetime,2023-03-19T17:38:48.118928,,,,,,,,,,
,/works/OL34736315W,"GALACTICO,PIRATICO Y ALIENIGENA VIAJE...","[{'type': {'key': '/type/author_role'}, 'author': {'key': '/authors/OL53305A'}}]",[13449553],2,2,/type/work,/type/datetime,2023-03-15T09:22:42.336799,/type/datetime,2023-03-19T17:38:48.118928,,,,,,,,,,
,/works/OL17737628W,"Year's best graphic novels, comics & manga : from Blankets to Demo to Blacksad","[{'type': {'key': '/type/author_role'}, 'author': {'key': '/authors/OL759624A'}}, {'type': {'key': '/type/author_role'}, 'author': {'key': '/authors/OL2751094A'}}, {'type': {'key': '/type/author_role'}, 'author': {'key': '/authors/OL53305A'}}]",[2370678],3,3,/type/work,/type/datetime,2017-06-24T11:58:38.928294,/type/datetime,2023-03-19T17:38:48.118928,,,,,,,,,,
,/works/OL28604828W,STARDUST,"[{'type': {'key': '/type/author_role'}, 'author': {'key': '/authors/OL53305A'}}]",,2,2,/type/work,/type/datetime,2022-08-10T10:21:20.626995,/type/datetime,2023-03-19T17:38:48.118928,,,,,,,,,,
['Literature'],/works/OL28393295W,Neil Gaiman Library Volume 2,"[{'type': {'key': '/type/author_role'}, 'author': {'key': '/authors/OL53305A'}}, {'type': {'key': '/type/author_role'}, 'author': {'key': '/authors/OL2864353A'}}, {'type': {'key': '/type/author_role'}, 'author': {'key': '/authors/OL2942286A'}}, {'type': {'key': '/type/author_role'}, 'author': {'key': '/authors/OL2360500A'}}, {'type': {'key': '/type/author_role'}, 'author': {'key': '/authors/OL6456573A'}}]",[13217615],3,3,/type/work,/type/datetime,2022-07-19T16:53:22.245968,/type/datetime,2023-03-19T17:38:48.118928,,,,,,,,,,
,/works/OL31779756W,Neverwhere (French Edition),"[{'type': {'key': '/type/author_role'}, 'author': {'key': '/authors/OL53305A'}}]",,2,2,/type/work,/type/datetime,2022-12-09T00:19:25.376579,/type/datetime,2023-03-19T17:38:48.118928,,,,,,,,,,
,/works/OL28748347W,Sandman Book Five,"[{'type': {'key': '/type/author_role'}, 'author': {'key': '/authors/OL53305A'}}, {'type': {'key': '/type/author_role'}, 'author': {'key': '/authors/OL9725621A'}}, {'type': {'key': '/type/author_role'}, 'author': {'key': '/authors/OL282954A'}}]",,2,2,/type/work,/type/datetime,2022-08-19T04:11:24.207364,/type/datetime,2023-03-19T17:38:48.118928,,,,,,,,,,
"[""Children's fiction"", 'Cemeteries, fiction', 'Orphans, fiction', 'Supernatural, fiction', 'Ghosts, fiction']",/works/OL28323158W,Graveyard Book,"[{'type': {'key': '/type/author_role'}, 'author': {'key': '/authors/OL53305A'}}, {'type': {'key': '/type/author_role'}, 'author': {'key': '/authors/OL535666A'}}]",[13217588],3,3,/type/work,/type/datetime,2022-07-18T08:58:00.160610,/type/datetime,2023-03-19T17:38:48.118928,,,,,,,,,,
,/works/OL31242038W,"Par bonheur, le lait","[{'type': {'key': '/type/author_role'}, 'author': {'key': '/authors/OL53305A'}}]",,2,2,/type/work,/type/datetime,2022-12-04T12:45:28.348069,/type/datetime,2023-03-19T17:38:48.118928,,,,,,,,,,
,/works/OL29318834W,Neil Gaiman's How the Marquis Got His Coat Back,"[{'type': {'key': '/type/author_role'}, 'author': {'key': '/authors/OL53305A'}}, {'type': {'key': '/type/author_role'}, 'author': {'key': '/authors/OL3395445A'}}, {'type': {'key': '/type/author_role'}, 'author': {'key': '/authors/OL2757859A'}}, {'type': {'key': '/type/author_role'}, 'author': {'key': '/authors/OL3776774A'}}, {'type': {'key': '/type/author_role'}, 'author': {'key': '/authors/OL2820148A'}}, {'type': {'key': '/type/author_role'}, 'author': {'key': '/authors/OL7488149A'}}, {'type': {'key': '/type/author_role'}, 'author': {'key': '/authors/OL7087214A'}}, {'type': {'key': '/type/author_role'}, 'author': {'key': '/authors/OL10835405A'}}]",,2,2,/type/work,/type/datetime,2022-11-16T21:28:26.430802,/type/datetime,2023-03-19T17:38:48.118928,,,,,,,,,,
,/works/OL34780768W,El llibre del cementiri,"[{'type': {'key': '/type/author_role'}, 'author': {'key': '/authors/OL53305A'}}, {'type': {'key': '/type/author_role'}, 'author': {'key': '/authors/OL9252864A'}}]",[13525132],2,2,/type/work,/type/datetime,2023-03-16T19:42:55.658717,/type/datetime,2023-03-19T17:38:48.118928,,,,,,,,,,
,/works/OL28840737W,Neil Gaiman's Chivalry,"[{'type': {'key': '/type/author_role'}, 'author': {'key': '/authors/OL53305A'}}, {'type': {'key': '/type/author_role'}, 'author': {'key': '/authors/OL6456573A'}}]",,2,2,/type/work,/type/datetime,2022-09-18T12:49:43.942765,/type/datetime,2023-03-19T17:38:48.118928,,,,,,,,,,
,/works/OL30396002W,Art Matters,"[{'type': {'key': '/type/author_role'}, 'author': {'key': '/authors/OL53305A'}}]",,2,2,/type/work,/type/datetime,2022-11-27T23:15:17.188356,/type/datetime,2023-03-19T17:38:48.118928,,,,,,,,,,
,/works/OL28216098W,Amerikan Tanrilari,"[{'type': {'key': '/type/author_role'}, 'author': {'key': '/authors/OL53305A'}}]",,2,2,/type/work,/type/datetime,2022-07-15T11:02:50.996240,/type/datetime,2023-03-19T17:38:48.118928,,,,,,,,,,
"['Science fiction, english']",/works/OL29348907W,Ghastly Beyond Belief,"[{'type': {'key': '/type/author_role'}, 'author': {'key': '/authors/OL53305A'}}, {'type': {'key': '/type/author_role'}, 'author': {'key': '/authors/OL33034A'}}]",,2,2,/type/work,/type/datetime,2022-11-17T21:27:31.096192,/type/datetime,2023-03-19T17:38:48.118928,,,,,,,,,,
,/works/OL28604741W,Coraline,"[{'type': {'key': '/type/author_role'}, 'author': {'key': '/authors/OL53305A'}}]",,2,2,/type/work,/type/datetime,2022-08-10T10:08:10.531504,/type/datetime,2023-03-19T17:38:48.118928,,,,,,,,,,
,/works/OL28774667W,Fearie Tales [signed traycased edition],"[{'type': {'key': '/type/author_role'}, 'author': {'key': '/authors/OL53305A'}}, {'type': {'key': '/type/author_role'}, 'author': {'key': '/authors/OL9092187A'}}, {'type': {'key': '/type/author_role'}, 'author': {'key': '/authors/OL25453A'}}, {'type': {'key': '/type/author_role'}, 'author': {'key': '/authors/OL7206029A'}}, {'type': {'key': '/type/author_role'}, 'author': {'key': '/authors/OL10337083A'}}, {'type': {'key': '/type/author_role'}, 'author': {'key': '/authors/OL220575A'}}, {'type': {'key': '/type/author_role'}, 'author': {'key': '/authors/OL6815968A'}}, {'type': {'key': '/type/author_role'}, 'author': {'key': '/authors/OL7503550A'}}, {'type': {'key': '/type/author_role'}, 'author': {'key': '/authors/OL24098A'}}, {'type': {'key': '/type/author_role'}, 'author': {'key': '/authors/OL382982A'}}, {'type': {'key': '/type/author_role'}, 'author': {'key': '/authors/OL7850947A'}}, {'type': {'key': '/type/author_role'}, 'author': {'key': '/authors/OL10652771A'}}, {'type': {'key': '/type/author_role'}, 'author': {'key': '/authors/OL636115A'}}, {'type': {'key': '/type/author_role'}, 'author': {'key': '/authors/OL10652772A'}}, {'type': {'key': '/type/author_role'}, 'author': {'key': '/authors/OL9145261A'}}, {'type': {'key': '/type/author_role'}, 'author': {'key': '/authors/OL10367814A'}}, {'type': {'key': '/type/author_role'}, 'author': {'key': '/authors/OL7958794A'}}]",,4,4,/type/work,/type/datetime,2022-09-15T17:17:00.189016,/type/datetime,2023-03-19T17:38:48.118928,,,,,,,,,,
,/works/OL28825721W,Only the End of the World Again,"[{'type': {'key': '/type/author_role'}, 'author': {'key': '/authors/OL53305A'}}, {'type': {'key': '/type/author_role'}, 'author': {'key': '/authors/OL6593325A'}}, {'type': {'key': '/type/author_role'}, 'author': {'key': '/authors/OL3104527A'}}, {'type': {'key': '/type/author_role'}, 'author': {'key': '/authors/OL10669235A'}}]",,2,2,/type/work,/type/datetime,2022-09-18T05:45:52.035922,/type/datetime,2023-03-19T17:38:48.118928,,,,,,,,,,
,/works/OL28830326W,Norse Mythology Volume 1 (Graphic Novel),"[{'type': {'key': '/type/author_role'}, 'author': {'key': '/authors/OL53305A'}}, {'type': {'key': '/type/author_role'}, 'author': {'key': '/authors/OL282954A'}}, {'type': {'key': '/type/author_role'}, 'author': {'key': '/authors/OL614504A'}}, {'type': {'key': '/type/author_role'}, 'author': {'key': '/authors/OL2793334A'}}, {'type': {'key': '/type/author_role'}, 'author': {'key': '/authors/OL6585286A'}}]",,2,2,/type/work,/type/datetime,2022-09-18T08:16:28.975522,/type/datetime,2023-03-19T17:38:48.118928,,,,,,,,,,
"['Fiction, science fiction, general']",/works/OL34310512W,Signal to Noise,"[{'type': {'key': '/type/author_role'}, 'author': {'key': '/authors/OL53305A'}}]",[13184408],3,3,/type/work,/type/datetime,2023-02-01T04:11:44.004940,/type/datetime,2023-07-17T04:28:34.853326,,,,,,,,,,
,/works/OL33748823W,Coraline (Vietnamese Edition),"[{'type': {'key': '/type/author_role'}, 'author': {'key': '/authors/OL53305A'}}]",,2,2,/type/work,/type/datetime,2023-01-14T09:14:03.673905,/type/datetime,2023-03-19T17:38:48.118928,,,,,,,,,,
,/works/OL28835420W,"Neil Gaiman's Snow, Glass, Apples","[{'type': {'key': '/type/author_role'}, 'author': {'key': '/authors/OL53305A'}}, {'type': {'key': '/type/author_role'}, 'author': {'key': '/authors/OL6456573A'}}]",,2,2,/type/work,/type/datetime,2022-09-18T10:35:00.223158,/type/datetime,2023-03-19T17:38:48.118928,,,,,,,,,,
,/works/OL34737448W,L'Ot i els gegants de gel,"[{'type': {'key': '/type/author_role'}, 'author': {'key': '/authors/OL53305A'}}, {'type': {'key': '/type/author_role'}, 'author': {'key': '/authors/OL535666A'}}, {'type': {'key': '/type/author_role'}, 'author': {'key': '/authors/OL12529716A'}}]",[13451436],2,2,/type/work,/type/datetime,2023-03-15T10:10:56.456834,/type/datetime,2023-03-19T17:38:48.118928,,,,,,,,,,
,/works/OL28759581W,Neverwhere ),"[{'type': {'key': '/type/author_role'}, 'author': {'key': '/authors/OL53305A'}}]",,2,2,/type/work,/type/datetime,2022-08-21T22:00:48.572608,/type/datetime,2023-03-19T17:38:48.118928,,,,,,,,,,
"[""Children's fiction"", 'Buried treasure, fiction', 'Adventure and adventurers, fiction']",/works/OL31771132W,The Dangerous Alphabet,"[{'type': {'key': '/type/author_role'}, 'author': {'key': '/authors/OL53305A'}}]",,3,3,/type/work,/type/datetime,2022-12-08T23:20:06.644892,/type/datetime,2023-07-17T04:35:47.137678,,,,,,,,,,
,/works/OL28796392W,Singing Bones,"[{'type': {'key': '/type/author_role'}, 'author': {'key': '/authors/OL8026236A'}}, {'type': {'key': '/type/author_role'}, 'author': {'key': '/authors/OL53305A'}}, {'type': {'key': '/type/author_role'}, 'author': {'key': '/authors/OL7622039A'}}]",,2,2,/type/work,/type/datetime,2022-09-17T14:27:40.452136,/type/datetime,2023-03-19T17:38:48.118928,,,,,,,,,,
"[""Children's fiction"", 'Humorous stories', 'Siblings, fiction', 'Fathers, fiction']",/works/OL34603852W,The Day I Swapped My Dad for Two Goldfish,"[{'type': {'key': '/type/author_role'}, 'author': {'key': '/authors/OL53305A'}}]",,3,3,/type/work,/type/datetime,2023-02-28T01:56:53.489952,/type/datetime,2023-06-17T03:59:21.633761,,,,,,,,,,
,/works/OL28793703W,Miroirs et fumée,"[{'type': {'key': '/type/author_role'}, 'author': {'key': '/authors/OL53305A'}}, {'type': {'key': '/type/author_role'}, 'author': {'key': '/authors/OL3113904A'}}]",[13858210],3,3,/type/work,/type/datetime,2022-09-17T12:42:25.657449,/type/datetime,2023-04-07T22:54:08.853807,,,,,,,,,,
,/works/OL29249012W,Neil Gaiman's Stardust,"[{'type': {'key': '/type/author_role'}, 'author': {'key': '/authors/OL53305A'}}]",,2,2,/type/work,/type/datetime,2022-10-30T12:21:19.992108,/type/datetime,2023-03-19T17:38:48.118928,,,,,,,,,,
,/works/OL17929642W,El día que cambié a mi papá por dos peces de colores,"[{'type': {'key': '/type/author_role'}, 'author': {'key': '/authors/OL53305A'}}, {'type': {'key': '/type/author_role'}, 'author': {'key': '/authors/OL219070A'}}, {'type': {'key': '/type/author_role'}, 'author': {'key': '/authors/OL7887071A'}}]",[8258571],4,4,/type/work,/type/datetime,2018-10-08T11:10:38.624617,/type/datetime,2023-03-19T17:38:48.118928,,,,,,,,,,
"['Comic books, strips', 'Families', 'Punch and Judy']",/works/OL32757789W,The tragical comedy or comical tragedy of Mr. Punch,"[{'type': {'key': '/type/author_role'}, 'author': {'key': '/authors/OL53305A'}}]",,2,2,/type/work,/type/datetime,2022-12-20T11:28:54.426191,/type/datetime,2023-03-19T17:38:48.118928,,,,,,,,/type/text,"""A dark and frightening fully painted novella, MR. PUNCH tells the tale of a young boy's loss of innocence results from a horrific confrontation with his past. Spending a summer at his grandfather's seaside arcade, a troubled adolescent harmlessly becomes involved with a mysterious Punch and Judy Man and a mermaid-portraying woman. But when the violent puppet show triggers buried memories of the boy's family, the lives of all become feverishly intertwined. With disturbing mysteries and half-truths uncontrollably unraveling, the young boy is forced to deal with his family's dark secrets of violence, betrayal, and guilt""--amazon.com.",
,/works/OL28694596W,Twice Cursed,"[{'type': {'key': '/type/author_role'}, 'author': {'key': '/authors/OL53305A'}}, {'type': {'key': '/type/author_role'}, 'author': {'key': '/authors/OL7752487A'}}, {'type': {'key': '/type/author_role'}, 'author': {'key': '/authors/OL7482281A'}}, {'type': {'key': '/type/author_role'}, 'author': {'key': '/authors/OL3685109A'}}, {'type': {'key': '/type/author_role'}, 'author': {'key': '/authors/OL2754111A'}}]",,2,2,/type/work,/type/datetime,2022-08-18T14:16:17.979697,/type/datetime,2023-03-19T17:38:48.118928,,,,,,,,,,
"[""Children's fiction""]",/works/OL28793543W,13 Clocks,"[{'type': {'key': '/type/author_role'}, 'author': {'key': '/authors/OL9984045A'}}, {'type': {'key': '/type/author_role'}, 'author': {'key': '/authors/OL10139968A'}}, {'type': {'key': '/type/author_role'}, 'author': {'key': '/authors/OL53305A'}}]",,2,2,/type/work,/type/datetime,2022-09-17T12:37:12.932210,/type/datetime,2023-03-19T17:38:48.118928,,,,,,,,,,
,/works/OL29402280W,Jonathan Strange & Mr Norrell,"[{'type': {'key': '/type/author_role'}, 'author': {'key': '/authors/OL10859403A'}}, {'type': {'key': '/type/author_role'}, 'author': {'key': '/authors/OL53305A'}}]",,2,2,/type/work,/type/datetime,2022-11-18T20:16:48.302073,/type/datetime,2023-03-19T17:38:48.118928,,,,,,,,,,
,/works/OL34753374W,Biblioteca Sandman vol. 03,"[{'type': {'key': '/type/author_role'}, 'author': {'key': '/authors/OL53305A'}}, {'type': {'key': '/type/author_role'}, 'author': {'key': '/authors/OL670446A'}}, {'type': {'key': '/type/author_role'}, 'author': {'key': '/authors/OL6456573A'}}, {'type': {'key': '/type/author_role'}, 'author': {'key': '/authors/OL815884A'}}, {'type': {'key': '/type/author_role'}, 'author': {'key': '/authors/OL2942285A'}}]",[13477259],2,2,/type/work,/type/datetime,2023-03-16T00:18:24.288065,/type/datetime,2023-03-19T17:38:48.118928,,,,,,,,,,
,/works/OL29864741W,Canallas,"[{'type': {'key': '/type/author_role'}, 'author': {'key': '/authors/OL10857596A'}}, {'type': {'key': '/type/author_role'}, 'author': {'key': '/authors/OL53305A'}}, {'type': {'key': '/type/author_role'}, 'author': {'key': '/authors/OL10460278A'}}, {'type': {'key': '/type/author_role'}, 'author': {'key': '/authors/OL9887419A'}}, {'type': {'key': '/type/author_role'}, 'author': {'key': '/authors/OL9367504A'}}]",,2,2,/type/work,/type/datetime,2022-11-23T03:42:18.619452,/type/datetime,2023-03-19T17:38:48.118928,,,,,,,,,,
,/works/OL31170428W,MIRACLEMAN by GAIMAN and BUCKINGHAM,"[{'type': {'key': '/type/author_role'}, 'author': {'key': '/authors/OL53305A'}}, {'type': {'key': '/type/author_role'}, 'author': {'key': '/authors/OL2864353A'}}]",,2,2,/type/work,/type/datetime,2022-12-03T16:10:17.174663,/type/datetime,2023-03-19T17:38:48.118928,,,,,,,,,,
,/works/OL33374648W,The Monarch of the Glen and Black Dog Vinyl Edition + MP3,"[{'type': {'key': '/type/author_role'}, 'author': {'key': '/authors/OL53305A'}}, {'type': {'key': '/type/author_role'}, 'author': {'key': '/authors/OL2728853A'}}, {'type': {'key': '/type/author_role'}, 'author': {'key': '/authors/OL9119392A'}}, {'type': {'key': '/type/author_role'}, 'author': {'key': '/authors/OL2998783A'}}, {'type': {'key': '/type/author_role'}, 'author': {'key': '/authors/OL6244696A'}}, {'type': {'key': '/type/author_role'}, 'author': {'key': '/authors/OL1385960A'}}, {'type': {'key': '/type/author_role'}, 'author': {'key': '/authors/OL2607114A'}}, {'type': {'key': '/type/author_role'}, 'author': {'key': '/authors/OL10599988A'}}, {'type': {'key': '/type/author_role'}, 'author': {'key': '/authors/OL7965248A'}}, {'type': {'key': '/type/author_role'}, 'author': {'key': '/authors/OL226389A'}}, {'type': {'key': '/type/author_role'}, 'author': {'key': '/authors/OL7920548A'}}, {'type': {'key': '/type/author_role'}, 'author': {'key': '/authors/OL7831835A'}}]",[13125206],2,2,/type/work,/type/datetime,2023-01-02T22:37:32.059652,/type/datetime,2023-03-19T17:38:48.118928,,,,,,,,,,
"['English literature', 'Comics & graphic novels, science fiction', 'Doctor who (fictitious character), fiction']",/works/OL24216388W,Doctor Who,"[{'type': {'key': '/type/author_role'}, 'author': {'key': '/authors/OL3134914A'}}, {'type': {'key': '/type/author_role'}, 'author': {'key': '/authors/OL6094856A'}}, {'type': {'key': '/type/author_role'}, 'author': {'key': '/authors/OL7491671A'}}, {'type': {'key': '/type/author_role'}, 'author': {'key': '/authors/OL53305A'}}, {'type': {'key': '/type/author_role'}, 'author': {'key': '/authors/OL334390A'}}]",[10672386],4,4,/type/work,/type/datetime,2021-03-03T23:47:23.956191,/type/datetime,2023-06-17T05:23:24.385435,,,,,,,,,,
,/works/OL26397165W,LA CASA DE MUÑECAS - SANDMAN VOL 2,"[{'type': {'key': '/type/author_role'}, 'author': {'key': '/authors/OL53305A'}}]",[12344788],2,2,/type/work,/type/datetime,2021-11-06T02:25:38.279136,/type/datetime,2023-03-19T17:38:48.118928,,,,,,,,,,
,/works/OL29239296W,Elric of Melniboné : Volume 1,"[{'type': {'key': '/type/author_role'}, 'author': {'key': '/authors/OL10812857A'}}, {'type': {'key': '/type/author_role'}, 'author': {'key': '/authors/OL10815282A'}}, {'type': {'key': '/type/author_role'}, 'author': {'key': '/authors/OL53305A'}}]",,2,2,/type/work,/type/datetime,2022-10-26T20:12:06.704876,/type/datetime,2023-03-19T17:38:48.118928,,,,,,,,,,
,/works/OL28410502W,American Gods Volume 1,"[{'type': {'key': '/type/author_role'}, 'author': {'key': '/authors/OL53305A'}}, {'type': {'key': '/type/author_role'}, 'author': {'key': '/authors/OL282954A'}}, {'type': {'key': '/type/author_role'}, 'author': {'key': '/authors/OL1398733A'}}, {'type': {'key': '/type/author_role'}, 'author': {'key': '/authors/OL2864328A'}}, {'type': {'key': '/type/author_role'}, 'author': {'key': '/authors/OL6456573A'}}]",[13217619],3,3,/type/work,/type/datetime,2022-07-19T22:16:36.478008,/type/datetime,2023-03-19T17:38:48.118928,,,,,,,,,,
"[""Children's fiction"", 'Wolves, fiction']",/works/OL28593671W,The Wolves in the Walls,"[{'type': {'key': '/type/author_role'}, 'author': {'key': '/authors/OL53305A'}}]",,3,3,/type/work,/type/datetime,2022-07-25T11:19:22.136040,/type/datetime,2023-07-17T04:59:02.769716,,,,,,,,,,
"['Families', 'Pictorial works', 'Fiction', 'Treasure hunts', 'Comic books, strips', 'Adventure stories', 'Familles', 'Ouvrages illustrés', 'Romans, nouvelles']",/works/OL28946006W,The truth is a cave in the black mountains,"[{'type': {'key': '/type/author_role'}, 'author': {'key': '/authors/OL53305A'}}]",[12915977],2,2,/type/work,/type/datetime,2022-09-25T05:11:02.734784,/type/datetime,2023-03-19T17:38:48.118928,,,,,,,,/type/text,"""Illustrated by ... Eddie Campbell, this is a four-color edition of Neil Gaiman's award-winning novelette 'The truth is a cave in the Black Mountains'--a haunting story of family, the otherworld, and retribution""--",
,/works/OL28780774W,Der Fluch der Spindel,"[{'type': {'key': '/type/author_role'}, 'author': {'key': '/authors/OL53305A'}}]",,2,2,/type/work,/type/datetime,2022-09-17T06:14:29.324617,/type/datetime,2023-03-19T17:38:48.118928,,,,,,,,,,
"[""Children's fiction"", 'Picture books']",/works/OL28793102W,Chu's Day at the Beach,"[{'type': {'key': '/type/author_role'}, 'author': {'key': '/authors/OL53305A'}}, {'type': {'key': '/type/author_role'}, 'author': {'key': '/authors/OL1389833A'}}]",,2,2,/type/work,/type/datetime,2022-09-17T12:08:46.898869,/type/datetime,2023-03-19T17:38:48.118928,,,,,,,,,,
,/works/OL28604952W,Neverwhere,"[{'type': {'key': '/type/author_role'}, 'author': {'key': '/authors/OL53305A'}}]",,2,2,/type/work,/type/datetime,2022-08-10T10:39:53.588055,/type/datetime,2023-03-19T17:38:48.118928,,,,,,,,,,
,/works/OL34783137W,Neverwhere,"[{'type': {'key': '/type/author_role'}, 'author': {'key': '/authors/OL53305A'}}]",[13529844],2,2,/type/work,/type/datetime,2023-03-16T21:28:15.631310,/type/datetime,2023-03-19T17:38:48.118928,,,,,,,,,,
"[""Children's fiction"", 'Cemeteries, fiction', 'Orphans, fiction', 'Ghosts, fiction']",/works/OL29068687W,Libro Del Cementerio,"[{'type': {'key': '/type/author_role'}, 'author': {'key': '/authors/OL53305A'}}]",,2,2,/type/work,/type/datetime,2022-10-18T14:58:09.225130,/type/datetime,2023-03-19T17:38:48.118928,,,,,,,,,,
,/works/OL28842730W,Norse Mythology Volume 3 (Graphic Novel),"[{'type': {'key': '/type/author_role'}, 'author': {'key': '/authors/OL53305A'}}, {'type': {'key': '/type/author_role'}, 'author': {'key': '/authors/OL282954A'}}, {'type': {'key': '/type/author_role'}, 'author': {'key': '/authors/OL2973804A'}}, {'type': {'key': '/type/author_role'}, 'author': {'key': '/authors/OL1798396A'}}, {'type': {'key': '/type/author_role'}, 'author': {'key': '/authors/OL6456573A'}}]",,2,2,/type/work,/type/datetime,2022-09-18T13:19:26.819536,/type/datetime,2023-03-19T17:38:48.118928,,,,,,,,,,
,/works/OL29286464W,Coraline,"[{'type': {'key': '/type/author_role'}, 'author': {'key': '/authors/OL53305A'}}, {'type': {'key': '/type/author_role'}, 'author': {'key': '/authors/OL282954A'}}, {'type': {'key': '/type/author_role'}, 'author': {'key': '/authors/OL7236859A'}}]",,2,2,/type/work,/type/datetime,2022-11-11T23:00:09.670064,/type/datetime,2023-03-19T17:38:48.118928,,,,,,,,,,
,/works/OL34753378W,Biblioteca Sandman vol. 04,"[{'type': {'key': '/type/author_role'}, 'author': {'key': '/authors/OL53305A'}}, {'type': {'key': '/type/author_role'}, 'author': {'key': '/authors/OL8002206A'}}, {'type': {'key': '/type/author_role'}, 'author': {'key': '/authors/OL815884A'}}, {'type': {'key': '/type/author_role'}, 'author': {'key': '/authors/OL2942285A'}}, {'type': {'key': '/type/author_role'}, 'author': {'key': '/authors/OL282954A'}}]",[13477270],2,2,/type/work,/type/datetime,2023-03-16T00:18:32.409680,/type/datetime,2023-03-19T17:38:48.118928,,,,,,,,,,
,/works/OL34753371W,Biblioteca Sandman vol. 02,"[{'type': {'key': '/type/author_role'}, 'author': {'key': '/authors/OL53305A'}}, {'type': {'key': '/type/author_role'}, 'author': {'key': '/authors/OL2710887A'}}, {'type': {'key': '/type/author_role'}, 'author': {'key': '/authors/OL1399676A'}}]",[13477257],2,2,/type/work,/type/datetime,2023-03-16T00:18:17.698146,/type/datetime,2023-03-19T17:38:48.118928,,,,,,,,,,
,/works/OL31823674W,Stardust,"[{'type': {'key': '/type/author_role'}, 'author': {'key': '/authors/OL53305A'}}]",,2,2,/type/work,/type/datetime,2022-12-09T08:08:06.499314,/type/datetime,2023-03-19T17:38:48.118928,,,,,,,,,,
['Literature'],/works/OL31128575W,Sandman,"[{'type': {'key': '/type/author_role'}, 'author': {'key': '/authors/OL53305A'}}, {'type': {'key': '/type/author_role'}, 'author': {'key': '/authors/OL1399676A'}}, {'type': {'key': '/type/author_role'}, 'author': {'key': '/authors/OL2710887A'}}, {'type': {'key': '/type/author_role'}, 'author': {'key': '/authors/OL2660536A'}}, {'type': {'key': '/type/author_role'}, 'author': {'key': '/authors/OL1483720A'}}]",[13914410],3,3,/type/work,/type/datetime,2022-12-03T12:04:00.132063,/type/datetime,2023-04-12T21:15:53.327586,,,,,,,,,,
,/works/OL34862166W,Mites Nòrdics,"[{'type': {'key': '/type/author_role'}, 'author': {'key': '/authors/OL53305A'}}, {'type': {'key': '/type/author_role'}, 'author': {'key': '/authors/OL7932826A'}}]",[13652030],2,2,/type/work,/type/datetime,2023-03-19T08:09:19.715288,/type/datetime,2023-03-19T17:38:48.118928,,,,,,,,,,
,/works/OL28828434W,Neil Gaiman's Likely Stories,"[{'type': {'key': '/type/author_role'}, 'author': {'key': '/authors/OL53305A'}}, {'type': {'key': '/type/author_role'}, 'author': {'key': '/authors/OL2864353A'}}, {'type': {'key': '/type/author_role'}, 'author': {'key': '/authors/OL5359796A'}}]",,2,2,/type/work,/type/datetime,2022-09-18T07:21:20.714335,/type/datetime,2023-03-19T17:38:48.118928,,,,,,,,,,
"['Comics & graphic novels, general']",/works/OL29331487W,Tori Amos Little Earthquakes Variant Cover,"[{'type': {'key': '/type/author_role'}, 'author': {'key': '/authors/OL1484192A'}}, {'type': {'key': '/type/author_role'}, 'author': {'key': '/authors/OL53305A'}}, {'type': {'key': '/type/author_role'}, 'author': {'key': '/authors/OL52922A'}}, {'type': {'key': '/type/author_role'}, 'author': {'key': '/authors/OL3948530A'}}, {'type': {'key': '/type/author_role'}, 'author': {'key': '/authors/OL3048714A'}}]",,3,3,/type/work,/type/datetime,2022-11-17T07:13:28.593938,/type/datetime,2023-03-19T17:38:48.118928,,,,,,,,,,
,/works/OL31253856W,STARDUST 4 -D-,"[{'type': {'key': '/type/author_role'}, 'author': {'key': '/authors/OL53305A'}}, {'type': {'key': '/type/author_role'}, 'author': {'key': '/authors/OL670446A'}}]",,2,2,/type/work,/type/datetime,2022-12-04T15:22:17.127224,/type/datetime,2023-03-19T17:38:48.118928,,,,,,,,,,
"['Gods, fiction', ""Children's fiction"", 'Animals, fiction', 'Fantasy fiction', 'Giants, fiction', 'Heroes, fiction']",/works/OL28604909W,Odd and the Frost Giants WBD Book,"[{'type': {'key': '/type/author_role'}, 'author': {'key': '/authors/OL53305A'}}]",[14204600],4,4,/type/work,/type/datetime,2022-08-10T10:32:05.542493,/type/datetime,2023-07-17T05:08:05.447935,,,,,,,,,,
,/works/OL28332703W,Mitos nórdicos nº 01/03,"[{'type': {'key': '/type/author_role'}, 'author': {'key': '/authors/OL53305A'}}, {'type': {'key': '/type/author_role'}, 'author': {'key': '/authors/OL7992933A'}}, {'type': {'key': '/type/author_role'}, 'author': {'key': '/authors/OL2793334A'}}, {'type': {'key': '/type/author_role'}, 'author': {'key': '/authors/OL6585286A'}}, {'type': {'key': '/type/author_role'}, 'author': {'key': '/authors/OL614504A'}}, {'type': {'key': '/type/author_role'}, 'author': {'key': '/authors/OL1798396A'}}, {'type': {'key': '/type/author_role'}, 'author': {'key': '/authors/OL7040892A'}}]",[12824041],3,3,/type/work,/type/datetime,2022-07-18T11:31:41.459929,/type/datetime,2023-03-19T17:38:48.118928,,,,,,,,,,
,/works/OL29053191W,Pirate Stew,"[{'type': {'key': '/type/author_role'}, 'author': {'key': '/authors/OL53305A'}}, {'type': {'key': '/type/author_role'}, 'author': {'key': '/authors/OL535666A'}}]",,2,2,/type/work,/type/datetime,2022-10-18T05:55:24.708932,/type/datetime,2023-03-19T17:38:48.118928,,,,,,,,,,
,/works/OL31223022W,Sandman 08 - Worlds' End : Bd. 8,"[{'type': {'key': '/type/author_role'}, 'author': {'key': '/authors/OL53305A'}}]",,2,2,/type/work,/type/datetime,2022-12-04T07:21:00.814592,/type/datetime,2023-03-19T17:38:48.118928,,,,,,,,,,
,/works/OL32483073W,Libro Del Cementerio/ the Graveyard Book,"[{'type': {'key': '/type/author_role'}, 'author': {'key': '/authors/OL53305A'}}]",,2,2,/type/work,/type/datetime,2022-12-17T21:02:34.759305,/type/datetime,2023-03-19T17:38:48.118928,,,,,,,,,,
"['Fantasy comic books, strips', 'Graphic novels', 'Romans graphiques']",/works/OL28762830W,The dream hunters,"[{'type': {'key': '/type/author_role'}, 'author': {'key': '/authors/OL53305A'}}]",[12877388],2,2,/type/work,/type/datetime,2022-08-28T06:00:18.841272,/type/datetime,2023-03-19T17:38:48.118928,,,,,,,,/type/text,"A humble young monk and a magical, shape-changing fox find themselves romantically drawn together, but as their love blooms, the fox learns of a devilish plot to take the monk's life.",
,/works/OL28616043W,Tales of Mystery and Imagination,"[{'type': {'key': '/type/author_role'}, 'author': {'key': '/authors/OL10603905A'}}, {'type': {'key': '/type/author_role'}, 'author': {'key': '/authors/OL7840740A'}}, {'type': {'key': '/type/author_role'}, 'author': {'key': '/authors/OL53305A'}}]",[13217562],3,3,/type/work,/type/datetime,2022-08-17T07:24:04.823226,/type/datetime,2023-03-19T17:38:48.118928,,,,,,,,,,
,/works/OL28815981W,Psychos,"[{'type': {'key': '/type/author_role'}, 'author': {'key': '/authors/OL53305A'}}, {'type': {'key': '/type/author_role'}, 'author': {'key': '/authors/OL2787131A'}}, {'type': {'key': '/type/author_role'}, 'author': {'key': '/authors/OL7383746A'}}, {'type': {'key': '/type/author_role'}, 'author': {'key': '/authors/OL24137A'}}, {'type': {'key': '/type/author_role'}, 'author': {'key': '/authors/OL9107558A'}}]",,3,3,/type/work,/type/datetime,2022-09-18T01:01:11.861234,/type/datetime,2023-03-19T17:38:48.118928,,,,,,,,,,
,/works/OL28828366W,Neil Gaiman's a Study in Emerald,"[{'type': {'key': '/type/author_role'}, 'author': {'key': '/authors/OL53305A'}}, {'type': {'key': '/type/author_role'}, 'author': {'key': '/authors/OL3863529A'}}, {'type': {'key': '/type/author_role'}, 'author': {'key': '/authors/OL7633128A'}}, {'type': {'key': '/type/author_role'}, 'author': {'key': '/authors/OL2872020A'}}]",,2,2,/type/work,/type/datetime,2022-09-18T07:19:39.317204,/type/datetime,2023-03-19T17:38:48.118928,,,,,,,,,,
,/works/OL31341625W,Blood Bank,"[{'type': {'key': '/type/author_role'}, 'author': {'key': '/authors/OL53305A'}}, {'type': {'key': '/type/author_role'}, 'author': {'key': '/authors/OL7583529A'}}, {'type': {'key': '/type/author_role'}, 'author': {'key': '/authors/OL3027409A'}}, {'type': {'key': '/type/author_role'}, 'author': {'key': '/authors/OL8225117A'}}, {'type': {'key': '/type/author_role'}, 'author': {'key': '/authors/OL7485067A'}}, {'type': {'key': '/type/author_role'}, 'author': {'key': '/authors/OL11431059A'}}, {'type': {'key': '/type/author_role'}, 'author': {'key': '/authors/OL1519822A'}}, {'type': {'key': '/type/author_role'}, 'author': {'key': '/authors/OL8363228A'}}, {'type': {'key': '/type/author_role'}, 'author': {'key': '/authors/OL9365779A'}}]",,2,2,/type/work,/type/datetime,2022-12-06T15:28:20.291884,/type/datetime,2023-03-19T17:38:48.118928,,,,,,,,,,
,/works/OL34498041W,Absolute Sandman Overture (2023 Edition),"[{'type': {'key': '/type/author_role'}, 'author': {'key': '/authors/OL53305A'}}, {'type': {'key': '/type/author_role'}, 'author': {'key': '/authors/OL2943948A'}}]",,2,2,/type/work,/type/datetime,2023-02-17T18:29:37.344576,/type/datetime,2023-03-19T17:38:48.118928,,,,,,,,,,
,/works/OL31967754W,AMERİKAN TANRILARI,"[{'type': {'key': '/type/author_role'}, 'author': {'key': '/authors/OL53305A'}}]",,2,2,/type/work,/type/datetime,2022-12-10T09:03:43.019897,/type/datetime,2023-03-19T17:38:48.118928,,,,,,,,,,
,/works/OL29288316W,Sandman núm. 03,"[{'type': {'key': '/type/author_role'}, 'author': {'key': '/authors/OL53305A'}}, {'type': {'key': '/type/author_role'}, 'author': {'key': '/authors/OL815884A'}}, {'type': {'key': '/type/author_role'}, 'author': {'key': '/authors/OL670446A'}}, {'type': {'key': '/type/author_role'}, 'author': {'key': '/authors/OL6456573A'}}, {'type': {'key': '/type/author_role'}, 'author': {'key': '/authors/OL10828311A'}}, {'type': {'key': '/type/author_role'}, 'author': {'key': '/authors/OL7972109A'}}]",[13537285],3,3,/type/work,/type/datetime,2022-11-11T23:57:30.759247,/type/datetime,2023-03-19T17:38:48.118928,,,,,,,,,,
,/works/OL29239367W,Interworld,"[{'type': {'key': '/type/author_role'}, 'author': {'key': '/authors/OL53305A'}}]",,2,2,/type/work,/type/datetime,2022-10-26T22:17:18.392922,/type/datetime,2023-03-19T17:38:48.118928,,,,,,,,,,
,/works/OL28826973W,Neil Gaiman's Troll Bridge,"[{'type': {'key': '/type/author_role'}, 'author': {'key': '/authors/OL53305A'}}]",,2,2,/type/work,/type/datetime,2022-09-18T06:36:47.895827,/type/datetime,2023-03-19T17:38:48.118928,,,,,,,,,,
"['Powieść fantastyczna angielska', 'Tłumaczenia polskie']",/works/OL31212717W,Gwiezdny pył,"[{'type': {'key': '/type/author_role'}, 'author': {'key': '/authors/OL53305A'}}]",[13022955],2,2,/type/work,/type/datetime,2022-12-04T03:27:41.117716,/type/datetime,2023-03-19T17:38:48.118928,,,,,,,,,,['1990-']
"['Fiction, science fiction, general', 'Fiction, anthologies (multiple authors)', 'solarpunk']",/works/OL29204484W,Bioluminescent,"[{'author': {'key': '/authors/OL10394934A'}, 'type': {'key': '/type/author_role'}}, {'author': {'key': '/authors/OL53305A'}, 'type': {'key': '/type/author_role'}}, {'author': {'key': '/authors/OL7501009A'}, 'type': {'key': '/type/author_role'}}, {'author': {'key': '/authors/OL10802936A'}, 'type': {'key': '/type/author_role'}}]",,3,3,/type/work,/type/datetime,2022-10-20T01:01:35.151616,/type/datetime,2023-03-19T17:38:48.118928,,,,,,,,/type/text,"Solarpunk communities that glow when the sun goes down. Witches on distant planets and future pagans building resilient ecotopias. The search for hope in a better world. Evolution and transformation. Exploration and discovery. The pages of this book are filled with wonders both technological and magical. Conflicts lead to resilience and solutions both internal and community-based. Stories span from the terrestrial to the galactic to the inner-depths of memory and imagination.

Featuring work by Starhawk, Sarena Ulibarri, Wendy N. Wagner, Neil Gaiman, Justine Norton-Kertson, Yasmin Moita, J.D. Harklock, BrightFlame, Pedro Inguez, and more, twenty-two authors take a variety of different paths as they begin to map out the new and budding lunarpunk genre's terrain. Join them in adventures through glowing utopian worlds where people work together and do their best to build a better for us all. Join the, and explore Lunarpunk.",
,/works/OL32372290W,Monkey and Me,"[{'type': {'key': '/type/author_role'}, 'author': {'key': '/authors/OL53305A'}}]",,2,2,/type/work,/type/datetime,2022-12-17T06:43:57.184924,/type/datetime,2023-03-19T17:38:48.118928,,,,,,,,,,
,/works/OL28759674W,Sandman vol. 05,"[{'type': {'key': '/type/author_role'}, 'author': {'key': '/authors/OL53305A'}}, {'type': {'key': '/type/author_role'}, 'author': {'key': '/authors/OL3132857A'}}, {'type': {'key': '/type/author_role'}, 'author': {'key': '/authors/OL6456573A'}}, {'type': {'key': '/type/author_role'}, 'author': {'key': '/authors/OL2910854A'}}, {'type': {'key': '/type/author_role'}, 'author': {'key': '/authors/OL7331524A'}}]",,2,2,/type/work,/type/datetime,2022-08-22T12:05:03.214085,/type/datetime,2023-03-19T17:38:48.118928,,,,,,,,,,
,/works/OL28828915W,Creatures of the Night (Second Edition),"[{'type': {'key': '/type/author_role'}, 'author': {'key': '/authors/OL53305A'}}]",,2,2,/type/work,/type/datetime,2022-09-18T07:35:24.977849,/type/datetime,2023-03-19T17:38:48.118928,,,,,,,,,,
,/works/OL34532681W,Dym i lustra,"[{'type': {'key': '/type/author_role'}, 'author': {'key': '/authors/OL53305A'}}]",[13332556],2,2,/type/work,/type/datetime,2023-02-23T21:47:38.507991,/type/datetime,2023-03-19T17:38:48.118928,,,,,,,,,,
