category,model,make,year,count
1 - Category 1 Truck,Acura,RDX 2WD,2010,15
1 - Category 1 Truck,Acura,RDX 4WD,2007,1
1 - Category 1 Truck,Acura,RDX 4WD,2008,2
1 - Category 1 Truck,Acura,RDX 4WD,2009,136
1 - Category 1 Truck,Acura,RDX 4WD,2010,30
1 - Category 1 Truck,Acura,TSX,2009,14
1 - Category 1 Truck,Acura,TSX,2010,14
1 - Category 1 Truck,Audi,A3,2009,2
1 - Category 1 Truck,Audi,A3 Quattro,2009,1
1 - Category 1 Truck,Audi,A4,2009,3
1 - Category 1 Truck,Audi,A4,2010,1
1 - Category 1 Truck,Audi,A4 Cabriolet,2009,2
1 - Category 1 Truck,Audi,A4 Quattro,2009,2
1 - Category 1 Truck,Audi,A4 Quattro,2010,1
1 - Category 1 Truck,Audi,A5 Quattro,2010,1
1 - Category 1 Truck,Audi,Q5,2009,46
1 - Category 1 Truck,Audi,Q5,2010,191
1 - Category 1 Truck,Audi,UNLISTED,2010,1
1 - Category 1 Truck,BMW,128i,2009,2
1 - Category 1 Truck,BMW,328ci xDrive,2009,1
1 - Category 1 Truck,BMW,328cxi,2007,1
1 - Category 1 Truck,BMW,328cxi,2008,1
1 - Category 1 Truck,BMW,328i,2009,6
1 - Category 1 Truck,BMW,328i xDrive,2009,1
1 - Category 1 Truck,BMW,335d,2009,2
1 - Category 1 Truck,BMW,X3 3.0i,2007,1
1 - Category 1 Truck,BMW,X3 3.0si,2008,5
1 - Category 1 Truck,BMW,X3 xDrive 30i,2009,126
1 - Category 1 Truck,BMW,Z4 3.0i,2008,1
1 - Category 1 Truck,Buick,Enclave AWD,2008,3
1 - Category 1 Truck,Buick,Enclave AWD,2009,256
1 - Category 1 Truck,Buick,Enclave AWD,2010,81
1 - Category 1 Truck,Buick,Enclave FWD,2008,11
1 - Category 1 Truck,Buick,Enclave FWD,2009,512
1 - Category 1 Truck,Buick,Enclave FWD,2010,255
1 - Category 1 Truck,Cadillac,SRX 2WD,2009,32
1 - Category 1 Truck,Cadillac,SRX 2WD,2010,9
1 - Category 1 Truck,Cadillac,SRX AWD,2010,2
1 - Category 1 Truck,Chevrolet,Aveo,2009,61
1 - Category 1 Truck,Chevrolet,Aveo 5,2007,1
1 - Category 1 Truck,Chevrolet,Aveo 5,2008,1
1 - Category 1 Truck,Chevrolet,Aveo 5,2009,109
1 - Category 1 Truck,Chevrolet,Aveo 5,2010,1
1 - Category 1 Truck,Chevrolet,Camaro,2010,5
1 - Category 1 Truck,Chevrolet,Cobalt,2007,1
1 - Category 1 Truck,Chevrolet,Cobalt,2008,1
1 - Category 1 Truck,Chevrolet,Cobalt,2009,195
1 - Category 1 Truck,Chevrolet,Cobalt Sedan,2010,2
1 - Category 1 Truck,Chevrolet,Cobalt XFE,2008,1
1 - Category 1 Truck,Chevrolet,Cobalt XFE,2009,33
1 - Category 1 Truck,Chevrolet,Cobalt XFE Coupe,2010,1
1 - Category 1 Truck,Chevrolet,Colorado 2WD,2007,4
1 - Category 1 Truck,Chevrolet,Colorado 2WD,2008,42
1 - Category 1 Truck,Chevrolet,Colorado 2WD,2009,3206
1 - Category 1 Truck,Chevrolet,Colorado 2WD,2010,4
1 - Category 1 Truck,Chevrolet,Colorado 4WD,2008,26
1 - Category 1 Truck,Chevrolet,Colorado 4WD,2009,660
1 - Category 1 Truck,Chevrolet,Colorado 4WD,2010,6
1 - Category 1 Truck,Chevrolet,Colorado Cab Chassis inc 4WD,2009,44
1 - Category 1 Truck,Chevrolet,Colorado Crew Cab 2WD,2007,1
1 - Category 1 Truck,Chevrolet,Colorado Crew Cab 2WD,2008,4
1 - Category 1 Truck,Chevrolet,Colorado Crew Cab 2WD,2009,580
1 - Category 1 Truck,Chevrolet,Colorado Crew Cab 4WD,2008,1
1 - Category 1 Truck,Chevrolet,Colorado Crew Cab 4WD,2009,465
1 - Category 1 Truck,Chevrolet,Colorado Crew Cab 4WD,2010,2
1 - Category 1 Truck,Chevrolet,Equinox AWD,2008,12
1 - Category 1 Truck,Chevrolet,Equinox AWD,2009,1137
1 - Category 1 Truck,Chevrolet,Equinox AWD,2010,2576
1 - Category 1 Truck,Chevrolet,Equinox FWD,2007,5
1 - Category 1 Truck,Chevrolet,Equinox FWD,2008,7
1 - Category 1 Truck,Chevrolet,Equinox FWD,2009,1701
1 - Category 1 Truck,Chevrolet,Equinox FWD,2010,4367
1 - Category 1 Truck,Chevrolet,Express 1500 2WD Cargo,2010,1
1 - Category 1 Truck,Chevrolet,HHR FWD,2007,6
1 - Category 1 Truck,Chevrolet,HHR FWD,2008,104
1 - Category 1 Truck,Chevrolet,HHR FWD,2009,7578
1 - Category 1 Truck,Chevrolet,HHR FWD,2010,119
1 - Category 1 Truck,Chevrolet,HHR Panel FWD,2008,17
1 - Category 1 Truck,Chevrolet,HHR Panel FWD,2009,578
1 - Category 1 Truck,Chevrolet,HHR Panel FWD,2010,7
1 - Category 1 Truck,Chevrolet,Impala,2008,1
1 - Category 1 Truck,Chevrolet,Impala,2009,63
1 - Category 1 Truck,Chevrolet,Malibu,2008,2
1 - Category 1 Truck,Chevrolet,Malibu,2009,137
1 - Category 1 Truck,Chevrolet,Malibu,2010,9
1 - Category 1 Truck,Chevrolet,Malibu Hybrid,2008,3
1 - Category 1 Truck,Chevrolet,Malibu Hybrid,2009,6
1 - Category 1 Truck,Chevrolet,Silverado 15 Hybrid 2WD,2009,1
1 - Category 1 Truck,Chevrolet,Silverado 15 Hybrid 4WD,2009,3
1 - Category 1 Truck,Chevrolet,Silverado C15 2WD,2007,4
1 - Category 1 Truck,Chevrolet,Silverado C15 2WD,2008,1
1 - Category 1 Truck,Chevrolet,Silverado C15 2WD,2009,146
1 - Category 1 Truck,Chevrolet,Silverado C15 XFE 2WD,2009,4
1 - Category 1 Truck,Chevrolet,Silverado K15 4WD,2009,97
1 - Category 1 Truck,Chevrolet,Suburban 1500 2WD,2009,1
1 - Category 1 Truck,Chevrolet,Tahoe Hybrid 4WD,2009,1
1 - Category 1 Truck,Chevrolet,Traverse AWD,2009,1837
1 - Category 1 Truck,Chevrolet,Traverse AWD,2010,96
1 - Category 1 Truck,Chevrolet,Traverse FWD,2009,2979
1 - Category 1 Truck,Chevrolet,Traverse FWD,2010,110
1 - Category 1 Truck,Chevrolet,UNLISTED,2009,5
1 - Category 1 Truck,Chevrolet,Uplander FWD,2008,24
1 - Category 1 Truck,Chevrolet,Van 1500 2WD Cargo,2009,10
1 - Category 1 Truck,Chevrolet,Van 1500/2500 2WD,2008,2
1 - Category 1 Truck,Chrysler,Aspen HEV,2009,12
1 - Category 1 Truck,Chrysler,PT Cruiser,2007,6
1 - Category 1 Truck,Chrysler,PT Cruiser,2008,265
1 - Category 1 Truck,Chrysler,PT Cruiser,2009,3044
1 - Category 1 Truck,Chrysler,PT Cruiser Convertible,2007,1
1 - Category 1 Truck,Chrysler,PT Cruiser Convertible,2008,60
1 - Category 1 Truck,Chrysler,Pacifica FWD,2008,10
1 - Category 1 Truck,Chrysler,Sebring,2008,4
1 - Category 1 Truck,Chrysler,Sebring,2009,50
1 - Category 1 Truck,Chrysler,Sebring Convertible,2009,7
1 - Category 1 Truck,Chrysler,Town and Country,2008,17
1 - Category 1 Truck,Chrysler,Town and Country,2009,3038
1 - Category 1 Truck,Chrysler,Town and Country,2010,83
1 - Category 1 Truck,Chrysler,Town and Country/Voyager/Grand Voy,2008,31
1 - Category 1 Truck,Chrysler,UNLISTED,2009,2
1 - Category 1 Truck,Dodge,Avenger,2009,93
1 - Category 1 Truck,Dodge,Avenger,2010,1
1 - Category 1 Truck,Dodge,Caliber,2007,1
1 - Category 1 Truck,Dodge,Caliber,2008,13
1 - Category 1 Truck,Dodge,Caliber,2009,206
1 - Category 1 Truck,Dodge,Caravan/Grand Caravan 2WD,2007,3
1 - Category 1 Truck,Dodge,Caravan/Grand Caravan 2WD,2008,67
1 - Category 1 Truck,Dodge,Caravan/Grand Caravan FWD,2009,3475
1 - Category 1 Truck,Dodge,Dakota Pickup 2WD,2008,1
1 - Category 1 Truck,Dodge,Dakota Pickup 2WD,2009,17
1 - Category 1 Truck,Dodge,Dakota Pickup 4WD,2008,1
1 - Category 1 Truck,Dodge,Dakota Pickup 4WD,2009,1
1 - Category 1 Truck,Dodge,Durango HEV,2009,13
1 - Category 1 Truck,Dodge,Grand Caravan,2010,123
1 - Category 1 Truck,Dodge,Journey 2WD,2009,2499
1 - Category 1 Truck,Dodge,Journey 2WD,2010,82
1 - Category 1 Truck,Dodge,Journey 4WD,2009,4
1 - Category 1 Truck,Dodge,Journey 4WD,2010,5
1 - Category 1 Truck,Dodge,Magnum,2008,1
1 - Category 1 Truck,Dodge,Nitro 2WD,2007,4
1 - Category 1 Truck,Dodge,Nitro 2WD,2008,43
1 - Category 1 Truck,Dodge,Nitro 2WD,2009,350
1 - Category 1 Truck,Dodge,Nitro 2WD,2010,1
1 - Category 1 Truck,Dodge,Nitro 4WD,2008,4
1 - Category 1 Truck,Dodge,Nitro 4WD,2009,1
1 - Category 1 Truck,Dodge,Ram 1500 Pickup 2WD,2008,1
1 - Category 1 Truck,Dodge,Ram 1500 Pickup 2WD,2009,62
1 - Category 1 Truck,Dodge,Ram 1500 Pickup 2WD,2010,1
1 - Category 1 Truck,Dodge,Ram 1500 Pickup 4WD,2009,55
1 - Category 1 Truck,Ford,Edge AWD,2007,1
1 - Category 1 Truck,Ford,Edge AWD,2008,30
1 - Category 1 Truck,Ford,Edge AWD,2009,595
1 - Category 1 Truck,Ford,Edge AWD,2010,764
1 - Category 1 Truck,Ford,Edge FWD,2007,6
1 - Category 1 Truck,Ford,Edge FWD,2008,49
1 - Category 1 Truck,Ford,Edge FWD,2009,1352
1 - Category 1 Truck,Ford,Edge FWD,2010,3242
1 - Category 1 Truck,Ford,Escape 4WD,2008,10
1 - Category 1 Truck,Ford,Escape 4WD,2009,5530
1 - Category 1 Truck,Ford,Escape 4WD,2010,318
1 - Category 1 Truck,Ford,Escape 4WD FFV,2010,689
1 - Category 1 Truck,Ford,Escape FWD,2007,6
1 - Category 1 Truck,Ford,Escape FWD,2008,15
1 - Category 1 Truck,Ford,Escape FWD,2009,9977
1 - Category 1 Truck,Ford,Escape FWD,2010,1953
1 - Category 1 Truck,Ford,Escape FWD FFV,2010,976
1 - Category 1 Truck,Ford,Escape Hybrid 4WD,2008,18
1 - Category 1 Truck,Ford,Escape Hybrid 4WD,2009,604
1 - Category 1 Truck,Ford,Escape Hybrid 4WD,2010,18
1 - Category 1 Truck,Ford,Escape Hybrid FWD,2007,1
1 - Category 1 Truck,Ford,Escape Hybrid FWD,2008,6
1 - Category 1 Truck,Ford,Escape Hybrid FWD,2009,958
1 - Category 1 Truck,Ford,Escape Hybrid FWD,2010,40
1 - Category 1 Truck,Ford,Explorer 2WD,2009,1
1 - Category 1 Truck,Ford,Explorer Sport Trac 2WD,2009,2
1 - Category 1 Truck,Ford,F150 Pickup 2WD,2008,6
1 - Category 1 Truck,Ford,F150 Pickup 2WD,2009,193
1 - Category 1 Truck,Ford,F150 Pickup 2WD,2010,4
1 - Category 1 Truck,Ford,F150 Pickup 4WD,2009,75
1 - Category 1 Truck,Ford,F150 Pickup 4WD,2010,8
1 - Category 1 Truck,Ford,F150 Pickup FFV 2WD,2009,14
1 - Category 1 Truck,Ford,F150 Pickup FFV 2WD,2010,3
1 - Category 1 Truck,Ford,F150 Pickup FFV 4WD,2009,57
1 - Category 1 Truck,Ford,F150 Pickup FFV 4WD,2010,7
1 - Category 1 Truck,Ford,F150 SFE 2WD,2009,4
1 - Category 1 Truck,Ford,Flex AWD,2009,284
1 - Category 1 Truck,Ford,Flex AWD,2010,56
1 - Category 1 Truck,Ford,Flex FWD,2009,1068
1 - Category 1 Truck,Ford,Flex FWD,2010,444
1 - Category 1 Truck,Ford,Focus,2008,2
1 - Category 1 Truck,Ford,Focus FWD,2009,453
1 - Category 1 Truck,Ford,Focus FWD,2010,61
1 - Category 1 Truck,Ford,Freestar Wagon FWD,2007,1
1 - Category 1 Truck,Ford,Fusion AWD FFV,2010,1
1 - Category 1 Truck,Ford,Fusion FWD,2009,20
1 - Category 1 Truck,Ford,Fusion FWD,2010,184
1 - Category 1 Truck,Ford,Fusion FWD FFV,2010,8
1 - Category 1 Truck,Ford,Fusion Hybrid FWD,2010,53
1 - Category 1 Truck,Ford,Fusion S FWD,2010,5
1 - Category 1 Truck,Ford,Ranger Pickup 2WD,2007,38
1 - Category 1 Truck,Ford,Ranger Pickup 2WD,2008,39
1 - Category 1 Truck,Ford,Ranger Pickup 2WD,2009,6742
1 - Category 1 Truck,Ford,Ranger Pickup 4WD,2009,3
1 - Category 1 Truck,Ford,Taurus FWD,2008,3
1 - Category 1 Truck,Ford,Taurus FWD,2010,1
1 - Category 1 Truck,Ford,Taurus X AWD,2008,31
1 - Category 1 Truck,Ford,Taurus X AWD,2009,11
1 - Category 1 Truck,Ford,Taurus X FWD,2008,53
1 - Category 1 Truck,Ford,Taurus X FWD,2009,46
1 - Category 1 Truck,Ford,Transit Connect,2010,1786
1 - Category 1 Truck,Ford,UNLISTED,2009,1
1 - Category 1 Truck,Ford,UNLISTED,2010,11
1 - Category 1 Truck,GMC,Acadia AWD,2008,14
1 - Category 1 Truck,GMC,Acadia AWD,2009,583
1 - Category 1 Truck,GMC,Acadia AWD,2010,163
1 - Category 1 Truck,GMC,Acadia FWD,2007,2
1 - Category 1 Truck,GMC,Acadia FWD,2008,6
1 - Category 1 Truck,GMC,Acadia FWD,2009,1041
1 - Category 1 Truck,GMC,Acadia FWD,2010,275
1 - Category 1 Truck,GMC,Canyon 2WD,2007,3
1 - Category 1 Truck,GMC,Canyon 2WD,2008,32
1 - Category 1 Truck,GMC,Canyon 2WD,2009,1074
1 - Category 1 Truck,GMC,Canyon 2WD,2010,3
1 - Category 1 Truck,GMC,Canyon 4WD,2008,10
1 - Category 1 Truck,GMC,Canyon 4WD,2009,285
1 - Category 1 Truck,GMC,Canyon 4WD,2010,1
1 - Category 1 Truck,GMC,Canyon Cab Chassis Inc 4WD,2009,7
1 - Category 1 Truck,GMC,Canyon Crew Cab 2WD,2008,1
1 - Category 1 Truck,GMC,Canyon Crew Cab 2WD,2009,205
1 - Category 1 Truck,GMC,Canyon Crew Cab 4WD,2009,112
1 - Category 1 Truck,GMC,Canyon Crew Cab 4WD,2010,2
1 - Category 1 Truck,GMC,Savana 1500 2WD (cargo),2009,6
1 - Category 1 Truck,GMC,Sierra 15 Hybrid 2WD,2009,1
1 - Category 1 Truck,GMC,Sierra 15 Hybrid 4WD,2009,1
1 - Category 1 Truck,GMC,Sierra C15 2WD,2007,1
1 - Category 1 Truck,GMC,Sierra C15 2WD,2008,1
1 - Category 1 Truck,GMC,Sierra C15 2WD,2009,56
1 - Category 1 Truck,GMC,Sierra C15 2WD,2010,1
1 - Category 1 Truck,GMC,Sierra C15 XFE 2WD,2009,1
1 - Category 1 Truck,GMC,Sierra K15 4WD,2007,2
1 - Category 1 Truck,GMC,Sierra K15 4WD,2009,51
1 - Category 1 Truck,GMC,Terrain AWD,2010,2
1 - Category 1 Truck,GMC,Terrain FWD,2010,2
1 - Category 1 Truck,GMC,UNLISTED,2009,2
1 - Category 1 Truck,GMC,Yukon 1500 Hybrid 2WD,2008,1
1 - Category 1 Truck,Honda,Accord,2008,1
1 - Category 1 Truck,Honda,Accord,2009,187
1 - Category 1 Truck,Honda,Accord Coupe,2008,1
1 - Category 1 Truck,Honda,Accord Coupe,2009,51
1 - Category 1 Truck,Honda,CR-V 2WD,2007,20
1 - Category 1 Truck,Honda,CR-V 2WD,2008,43
1 - Category 1 Truck,Honda,CR-V 2WD,2009,7923
1 - Category 1 Truck,Honda,CR-V 4WD,2007,47
1 - Category 1 Truck,Honda,CR-V 4WD,2008,62
1 - Category 1 Truck,Honda,CR-V 4WD,2009,11355
1 - Category 1 Truck,Honda,Civic,2007,2
1 - Category 1 Truck,Honda,Civic,2008,6
1 - Category 1 Truck,Honda,Civic,2009,414
1 - Category 1 Truck,Honda,Civic CNG,2009,11
1 - Category 1 Truck,Honda,Civic Hybrid,2009,11
1 - Category 1 Truck,Honda,Element 2WD,2007,1
1 - Category 1 Truck,Honda,Element 2WD,2008,12
1 - Category 1 Truck,Honda,Element 2WD,2009,739
1 - Category 1 Truck,Honda,Element 4WD,2007,5
1 - Category 1 Truck,Honda,Element 4WD,2008,17
1 - Category 1 Truck,Honda,Element 4WD,2009,999
1 - Category 1 Truck,Honda,Fit,2007,1
1 - Category 1 Truck,Honda,Fit,2008,2
1 - Category 1 Truck,Honda,Fit,2009,211
1 - Category 1 Truck,Honda,Insight,2010,43
1 - Category 1 Truck,Honda,Odyssey,2008,25
1 - Category 1 Truck,Honda,Odyssey,2009,2406
1 - Category 1 Truck,Honda,Odyssey,2010,1284
1 - Category 1 Truck,Honda,Pilot 2WD,2008,3
1 - Category 1 Truck,Honda,Pilot 2WD,2009,251
1 - Category 1 Truck,Honda,Pilot 2WD,2010,790
1 - Category 1 Truck,Honda,Pilot 4WD,2009,626
1 - Category 1 Truck,Honda,Pilot 4WD,2010,1425
1 - Category 1 Truck,Honda,Ridgeline Truck 4WD,2009,11
1 - Category 1 Truck,Honda,UNLISTED,2009,2
1 - Category 1 Truck,Honda,UNLISTED,2010,1
1 - Category 1 Truck,Hummer,H3T 4WD,2009,1
1 - Category 1 Truck,Hyundai,Accent,2008,3
1 - Category 1 Truck,Hyundai,Accent,2009,121
1 - Category 1 Truck,Hyundai,Elantra,2007,3
1 - Category 1 Truck,Hyundai,Elantra,2008,3
1 - Category 1 Truck,Hyundai,Elantra,2009,240
1 - Category 1 Truck,Hyundai,Elantra Touring,2009,55
1 - Category 1 Truck,Hyundai,Elantra Touring,2010,5
1 - Category 1 Truck,Hyundai,Entourage,2008,20
1 - Category 1 Truck,Hyundai,Genesis Coupe,2010,5
1 - Category 1 Truck,Hyundai,Santa Fe 2WD,2007,12
1 - Category 1 Truck,Hyundai,Santa Fe 2WD,2008,86
1 - Category 1 Truck,Hyundai,Santa Fe 2WD,2009,5536
1 - Category 1 Truck,Hyundai,Santa Fe 4WD,2007,7
1 - Category 1 Truck,Hyundai,Santa Fe 4WD,2008,28
1 - Category 1 Truck,Hyundai,Santa Fe 4WD,2009,1791
1 - Category 1 Truck,Hyundai,Sonata,2008,1
1 - Category 1 Truck,Hyundai,Sonata,2009,124
1 - Category 1 Truck,Hyundai,Sonata,2010,7
1 - Category 1 Truck,Hyundai,Tucson 2WD,2007,3
1 - Category 1 Truck,Hyundai,Tucson 2WD,2008,67
1 - Category 1 Truck,Hyundai,Tucson 2WD,2009,1559
1 - Category 1 Truck,Hyundai,Tucson 4WD,2007,2
1 - Category 1 Truck,Hyundai,Tucson 4WD,2008,26
1 - Category 1 Truck,Hyundai,Tucson 4WD,2009,300
1 - Category 1 Truck,Hyundai,Veracruz 2WD,2008,18
1 - Category 1 Truck,Hyundai,Veracruz 2WD,2009,123
1 - Category 1 Truck,Hyundai,Veracruz 2WD,2010,32
1 - Category 1 Truck,Hyundai,Veracruz 4WD,2007,1
1 - Category 1 Truck,Hyundai,Veracruz 4WD,2008,12
1 - Category 1 Truck,Hyundai,Veracruz 4WD,2009,102
1 - Category 1 Truck,Hyundai,Veracruz 4WD,2010,16
1 - Category 1 Truck,Infiniti,FX35 AWD,2009,8
1 - Category 1 Truck,Infiniti,FX35 RWD,2009,11
1 - Category 1 Truck,Isuzu,i-370 Crew Cab 2WD,2008,3
1 - Category 1 Truck,Isuzu,i-370 Extended Cab 2WD,2008,1
1 - Category 1 Truck,Jeep,Commander 4WD,2009,1
1 - Category 1 Truck,Jeep,Compass 2WD,2007,6
1 - Category 1 Truck,Jeep,Compass 2WD,2008,102
1 - Category 1 Truck,Jeep,Compass 2WD,2009,1725
1 - Category 1 Truck,Jeep,Compass 2WD,2010,5
1 - Category 1 Truck,Jeep,Compass 4WD,2007,6
1 - Category 1 Truck,Jeep,Compass 4WD,2008,48
1 - Category 1 Truck,Jeep,Compass 4WD,2009,891
1 - Category 1 Truck,Jeep,Grand Cherokee 2WD,2008,4
1 - Category 1 Truck,Jeep,Grand Cherokee 2WD,2009,745
1 - Category 1 Truck,Jeep,Grand Cherokee 2WD,2010,2
1 - Category 1 Truck,Jeep,Grand Cherokee 4WD,2008,3
1 - Category 1 Truck,Jeep,Liberty 2WD,2008,27
1 - Category 1 Truck,Jeep,Liberty 2WD,2009,671
1 - Category 1 Truck,Jeep,Liberty 2WD,2010,1
1 - Category 1 Truck,Jeep,Liberty 4WD,2008,3
1 - Category 1 Truck,Jeep,Liberty 4WD,2009,6
1 - Category 1 Truck,Jeep,Patriot 2WD,2007,17
1 - Category 1 Truck,Jeep,Patriot 2WD,2008,63
1 - Category 1 Truck,Jeep,Patriot 2WD,2009,4301
1 - Category 1 Truck,Jeep,Patriot 2WD,2010,51
1 - Category 1 Truck,Jeep,Patriot 4WD,2007,3
1 - Category 1 Truck,Jeep,Patriot 4WD,2008,57
1 - Category 1 Truck,Jeep,Patriot 4WD,2009,2288
1 - Category 1 Truck,Jeep,UNLISTED,2010,11
1 - Category 1 Truck,Kia,Borrego 2WD,2009,194
1 - Category 1 Truck,Kia,Borrego 2WD,2010,5
1 - Category 1 Truck,Kia,Borrego 4WD,2009,201
1 - Category 1 Truck,Kia,Borrego 4WD,2010,9
1 - Category 1 Truck,Kia,Forte,2010,53
1 - Category 1 Truck,Kia,Optima,2008,1
1 - Category 1 Truck,Kia,Optima,2009,80
1 - Category 1 Truck,Kia,Optima,2010,2
1 - Category 1 Truck,Kia,Rio,2007,1
1 - Category 1 Truck,Kia,Rio,2008,2
1 - Category 1 Truck,Kia,Rio,2009,84
1 - Category 1 Truck,Kia,Rondo,2007,1
1 - Category 1 Truck,Kia,Rondo,2008,3
1 - Category 1 Truck,Kia,Rondo,2009,61
1 - Category 1 Truck,Kia,Rondo,2010,1
1 - Category 1 Truck,Kia,Sedona,2007,2
1 - Category 1 Truck,Kia,Sedona,2008,15
1 - Category 1 Truck,Kia,Sedona,2009,482
1 - Category 1 Truck,Kia,Sedona,2010,1
1 - Category 1 Truck,Kia,Sorento 2WD,2007,1
1 - Category 1 Truck,Kia,Sorento 2WD,2008,16
1 - Category 1 Truck,Kia,Sorento 2WD,2009,281
1 - Category 1 Truck,Kia,Sorento 4WD,2009,3
1 - Category 1 Truck,Kia,Soul,2010,260
1 - Category 1 Truck,Kia,Spectra,2008,1
1 - Category 1 Truck,Kia,Spectra,2009,98
1 - Category 1 Truck,Kia,Sportage 2WD,2007,12
1 - Category 1 Truck,Kia,Sportage 2WD,2008,27
1 - Category 1 Truck,Kia,Sportage 2WD,2009,4521
1 - Category 1 Truck,Kia,Sportage 2WD,2010,55
1 - Category 1 Truck,Kia,Sportage 4WD,2008,8
1 - Category 1 Truck,Kia,Sportage 4WD,2009,1965
1 - Category 1 Truck,Kia,Sportage 4WD,2010,22
1 - Category 1 Truck,Lexus,ES 350,2009,30
1 - Category 1 Truck,Lexus,ES 350,2010,1
1 - Category 1 Truck,Lexus,HS 250h,2010,2
1 - Category 1 Truck,Lexus,IS 250,2009,5
1 - Category 1 Truck,Lexus,IS 250 AWD,2009,2
1 - Category 1 Truck,Lexus,IS 250/IS 250C,2010,1
1 - Category 1 Truck,Lexus,RX 350 2WD,2009,1
1 - Category 1 Truck,Lexus,RX 350 2WD,2010,516
1 - Category 1 Truck,Lexus,RX 350 AWD,2010,815
1 - Category 1 Truck,Lexus,RX 400h 2WD,2008,3
1 - Category 1 Truck,Lexus,RX 400h 4WD,2008,2
1 - Category 1 Truck,Lexus,RX 450h,2010,112
1 - Category 1 Truck,Lexus,RX 450h AWD,2010,269
1 - Category 1 Truck,Lincoln,MKS FWD,2009,1
1 - Category 1 Truck,Lincoln,MKX AWD,2008,9
1 - Category 1 Truck,Lincoln,MKX AWD,2009,151
1 - Category 1 Truck,Lincoln,MKX AWD,2010,62
1 - Category 1 Truck,Lincoln,MKX FWD,2007,1
1 - Category 1 Truck,Lincoln,MKX FWD,2008,14
1 - Category 1 Truck,Lincoln,MKX FWD,2009,199
1 - Category 1 Truck,Lincoln,MKX FWD,2010,155
1 - Category 1 Truck,Lincoln,MKZ AWD,2009,1
1 - Category 1 Truck,MINI,Clubman,2009,9
1 - Category 1 Truck,MINI,Clubman S,2009,11
1 - Category 1 Truck,MINI,Cooper,2009,10
1 - Category 1 Truck,MINI,Cooper Convertible,2009,3
1 - Category 1 Truck,MINI,Cooper S,2009,17
1 - Category 1 Truck,MINI,Cooper S Convertible,2009,6
1 - Category 1 Truck,MINI,John Cooper Works Clubman,2009,1
1 - Category 1 Truck,Mazda,3,2007,1
1 - Category 1 Truck,Mazda,3,2009,23
1 - Category 1 Truck,Mazda,3,2010,180
1 - Category 1 Truck,Mazda,5,2008,19
1 - Category 1 Truck,Mazda,5,2009,2237
1 - Category 1 Truck,Mazda,6,2007,1
1 - Category 1 Truck,Mazda,6,2009,31
1 - Category 1 Truck,Mazda,6,2010,9
1 - Category 1 Truck,Mazda,B2300 2WD,2008,10
1 - Category 1 Truck,Mazda,B2300 2WD,2009,92
1 - Category 1 Truck,Mazda,CX-7 2WD,2008,2
1 - Category 1 Truck,Mazda,CX-7 2WD,2009,361
1 - Category 1 Truck,Mazda,CX-7 2WD,2010,725
1 - Category 1 Truck,Mazda,CX-7 4WD,2007,1
1 - Category 1 Truck,Mazda,CX-7 4WD,2008,5
1 - Category 1 Truck,Mazda,CX-7 4WD,2009,214
1 - Category 1 Truck,Mazda,CX-7 4WD,2010,41
1 - Category 1 Truck,Mazda,CX-9 2WD,2008,9
1 - Category 1 Truck,Mazda,CX-9 2WD,2009,355
1 - Category 1 Truck,Mazda,CX-9 2WD,2010,6
1 - Category 1 Truck,Mazda,CX-9 4WD,2009,1
1 - Category 1 Truck,Mazda,MX-5,2008,1
1 - Category 1 Truck,Mazda,MX-5,2009,6
1 - Category 1 Truck,Mazda,MX-5,2010,2
1 - Category 1 Truck,Mazda,Tribute 4WD,2008,20
1 - Category 1 Truck,Mazda,Tribute 4WD,2009,146
1 - Category 1 Truck,Mazda,Tribute 4WD,2010,6
1 - Category 1 Truck,Mazda,Tribute FWD,2008,7
1 - Category 1 Truck,Mazda,Tribute FWD,2009,778
1 - Category 1 Truck,Mazda,Tribute FWD,2010,9
1 - Category 1 Truck,Mazda,Tribute FWD FFV,2010,1
1 - Category 1 Truck,Mazda,Tribute Hybrid 2WD,2009,58
1 - Category 1 Truck,Mazda,Tribute Hybrid 2WD,2010,4
1 - Category 1 Truck,Mazda,Tribute Hybrid 4WD,2009,11
1 - Category 1 Truck,Mazda,Tribute Hybrid 4WD,2010,1
1 - Category 1 Truck,Mercedes-Be,GLK 350 4MATIC,2010,1
1 - Category 1 Truck,Mercedes-Be,GLK350,2010,22
1 - Category 1 Truck,Mercedes-Be,GLK350 4matic,2010,122
1 - Category 1 Truck,Mercury,Mariner 4WD,2007,1
1 - Category 1 Truck,Mercury,Mariner 4WD,2008,20
1 - Category 1 Truck,Mercury,Mariner 4WD,2009,1323
1 - Category 1 Truck,Mercury,Mariner 4WD,2010,39
1 - Category 1 Truck,Mercury,Mariner 4WD FFV,2010,86
1 - Category 1 Truck,Mercury,Mariner FWD,2008,11
1 - Category 1 Truck,Mercury,Mariner FWD,2009,1879
1 - Category 1 Truck,Mercury,Mariner FWD,2010,214
1 - Category 1 Truck,Mercury,Mariner FWD FFV,2010,85
1 - Category 1 Truck,Mercury,Mariner Hybrid 4WD,2008,7
1 - Category 1 Truck,Mercury,Mariner Hybrid 4WD,2009,189
1 - Category 1 Truck,Mercury,Mariner Hybrid 4WD,2010,4
1 - Category 1 Truck,Mercury,Mariner Hybrid FWD,2008,2
1 - Category 1 Truck,Mercury,Mariner Hybrid FWD,2009,192
1 - Category 1 Truck,Mercury,Mariner Hybrid FWD,2010,10
1 - Category 1 Truck,Mercury,Milan,2009,11
1 - Category 1 Truck,Mercury,Milan,2010,27
1 - Category 1 Truck,Mercury,Milan AWD,2008,1
1 - Category 1 Truck,Mercury,Milan FFV,2010,3
1 - Category 1 Truck,Mercury,Milan Hybrid FWD,2010,6
1 - Category 1 Truck,Mercury,Milan S,2010,8
1 - Category 1 Truck,Mercury,UNLISTED,2010,1
1 - Category 1 Truck,Mitsubishi,Eclipse,2008,1
1 - Category 1 Truck,Mitsubishi,Eclipse,2009,1
1 - Category 1 Truck,Mitsubishi,Eclipse,2010,1
1 - Category 1 Truck,Mitsubishi,Endeavor 2WD,2008,34
1 - Category 1 Truck,Mitsubishi,Endeavor 2WD,2009,2
1 - Category 1 Truck,Mitsubishi,Endeavor 2WD,2010,11
1 - Category 1 Truck,Mitsubishi,Galant,2009,7
1 - Category 1 Truck,Mitsubishi,Lancer,2008,1
1 - Category 1 Truck,Mitsubishi,Lancer,2009,21
1 - Category 1 Truck,Mitsubishi,Lancer,2010,2
1 - Category 1 Truck,Mitsubishi,Lancer Sportback,2009,1
1 - Category 1 Truck,Mitsubishi,Outlander 2WD,2008,15
1 - Category 1 Truck,Mitsubishi,Outlander 2WD,2009,670
1 - Category 1 Truck,Mitsubishi,Outlander 2WD,2010,1
1 - Category 1 Truck,Mitsubishi,Outlander 4WD,2007,1
1 - Category 1 Truck,Mitsubishi,Outlander 4WD,2008,21
1 - Category 1 Truck,Mitsubishi,Outlander 4WD,2009,607
1 - Category 1 Truck,Mitsubishi,Outlander 4WD,2010,4
1 - Category 1 Truck,Mitsubishi,Raider Pickup 2WD,2008,1
1 - Category 1 Truck,Mitsubishi,Raider Pickup 2WD,2009,3
1 - Category 1 Truck,Nissan,Altima,2008,1
1 - Category 1 Truck,Nissan,Altima,2009,149
1 - Category 1 Truck,Nissan,Altima Coupe,2008,1
1 - Category 1 Truck,Nissan,Altima Coupe,2009,57
1 - Category 1 Truck,Nissan,Altima Hybrid,2008,3
1 - Category 1 Truck,Nissan,Altima Hybrid,2009,21
1 - Category 1 Truck,Nissan,Cube,2009,169
1 - Category 1 Truck,Nissan,Frontier 2WD,2008,1
1 - Category 1 Truck,Nissan,Frontier 2WD,2009,109
1 - Category 1 Truck,Nissan,Frontier 2WD,2010,2
1 - Category 1 Truck,Nissan,Frontier 4WD,2008,2
1 - Category 1 Truck,Nissan,Frontier 4WD,2009,12
1 - Category 1 Truck,Nissan,Frontier V6 2WD,2007,1
1 - Category 1 Truck,Nissan,Maxima,2009,8
1 - Category 1 Truck,Nissan,Murano AWD,2009,970
1 - Category 1 Truck,Nissan,Murano FWD,2007,9
1 - Category 1 Truck,Nissan,Murano FWD,2009,686
1 - Category 1 Truck,Nissan,Pathfinder FE 2WD,2009,8
1 - Category 1 Truck,Nissan,Pathfinder FE 2WD,2010,3
1 - Category 1 Truck,Nissan,Quest,2007,4
1 - Category 1 Truck,Nissan,Quest,2008,7
1 - Category 1 Truck,Nissan,Quest,2009,434
1 - Category 1 Truck,Nissan,Rogue AWD,2008,91
1 - Category 1 Truck,Nissan,Rogue AWD,2009,3903
1 - Category 1 Truck,Nissan,Rogue FWD,2008,98
1 - Category 1 Truck,Nissan,Rogue FWD,2009,2528
1 - Category 1 Truck,Nissan,Sentra,2007,1
1 - Category 1 Truck,Nissan,Sentra,2009,35
1 - Category 1 Truck,Nissan,Sentra,2010,1
1 - Category 1 Truck,Nissan,Sentra FE,2009,109
1 - Category 1 Truck,Nissan,Titan FE 2WD FFV,2009,1
1 - Category 1 Truck,Nissan,Versa,2007,1
1 - Category 1 Truck,Nissan,Versa,2008,7
1 - Category 1 Truck,Nissan,Versa,2009,186
1 - Category 1 Truck,Nissan,Versa FE,2009,11
1 - Category 1 Truck,Nissan,Xterra 2WD,2009,13
1 - Category 1 Truck,Pontiac,G3,2010,1
1 - Category 1 Truck,Pontiac,G3 (3-Door),2010,2
1 - Category 1 Truck,Pontiac,G3 (5-Door),2010,4
1 - Category 1 Truck,Pontiac,G3 Wave,2009,18
1 - Category 1 Truck,Pontiac,G3 Wave 5,2009,16
1 - Category 1 Truck,Pontiac,G5,2009,38
1 - Category 1 Truck,Pontiac,G5 GT,2009,6
1 - Category 1 Truck,Pontiac,G5 GT,2010,1
1 - Category 1 Truck,Pontiac,G5 XFE,2008,1
1 - Category 1 Truck,Pontiac,G5 XFE,2009,5
1 - Category 1 Truck,Pontiac,G5/Pursuit,2008,2
1 - Category 1 Truck,Pontiac,G6,2008,2
1 - Category 1 Truck,Pontiac,G6,2009,107
1 - Category 1 Truck,Pontiac,Torrent AWD,2008,16
1 - Category 1 Truck,Pontiac,Torrent AWD,2009,251
1 - Category 1 Truck,Pontiac,Torrent FWD,2007,3
1 - Category 1 Truck,Pontiac,Torrent FWD,2008,24
1 - Category 1 Truck,Pontiac,Torrent FWD,2009,477
1 - Category 1 Truck,Pontiac,Vibe,2007,1
1 - Category 1 Truck,Pontiac,Vibe,2008,1
1 - Category 1 Truck,Pontiac,Vibe,2009,62
1 - Category 1 Truck,Pontiac,Vibe,2010,42
1 - Category 1 Truck,Saturn,Astra 2DR Hatchback,2008,23
1 - Category 1 Truck,Saturn,Astra 2DR Hatchback,2009,2
1 - Category 1 Truck,Saturn,Astra 4DR Hatchback,2008,9
1 - Category 1 Truck,Saturn,Aura,2009,70
1 - Category 1 Truck,Saturn,Aura Hybrid,2009,2
1 - Category 1 Truck,Saturn,Outlook AWD,2008,8
1 - Category 1 Truck,Saturn,Outlook AWD,2009,157
1 - Category 1 Truck,Saturn,Outlook AWD,2010,4
1 - Category 1 Truck,Saturn,Outlook FWD,2008,27
1 - Category 1 Truck,Saturn,Outlook FWD,2009,328
1 - Category 1 Truck,Saturn,Outlook FWD,2010,1
1 - Category 1 Truck,Saturn,SKY,2008,1
1 - Category 1 Truck,Saturn,SKY,2009,2
1 - Category 1 Truck,Saturn,Vue AWD,2008,9
1 - Category 1 Truck,Saturn,Vue AWD,2009,197
1 - Category 1 Truck,Saturn,Vue AWD,2010,1
1 - Category 1 Truck,Saturn,Vue FWD,2008,55
1 - Category 1 Truck,Saturn,Vue FWD,2009,1951
1 - Category 1 Truck,Saturn,Vue FWD,2010,18
1 - Category 1 Truck,Saturn,Vue Hybrid,2008,2
1 - Category 1 Truck,Saturn,Vue Hybrid,2009,309
1 - Category 1 Truck,Saturn,Vue Hybrid,2010,3
1 - Category 1 Truck,Scion,UNLISTED,2010,1
1 - Category 1 Truck,Scion,tC,2009,10
1 - Category 1 Truck,Scion,tC,2010,20
1 - Category 1 Truck,Scion,xB,2008,2
1 - Category 1 Truck,Scion,xB,2009,50
1 - Category 1 Truck,Scion,xB,2010,69
1 - Category 1 Truck,Scion,xD,2008,1
1 - Category 1 Truck,Scion,xD,2009,39
1 - Category 1 Truck,Scion,xD,2010,6
1 - Category 1 Truck,Subaru,Forester AWD,2007,5
1 - Category 1 Truck,Subaru,Forester AWD,2008,7
1 - Category 1 Truck,Subaru,Forester AWD,2009,1596
1 - Category 1 Truck,Subaru,Forester AWD,2010,6229
1 - Category 1 Truck,Subaru,Impreza AWD,2008,6
1 - Category 1 Truck,Subaru,Impreza AWD,2009,56
1 - Category 1 Truck,Subaru,Impreza AWD,2010,5
1 - Category 1 Truck,Subaru,Impreza Wagon/Outback SPT AWD,2008,3
1 - Category 1 Truck,Subaru,Impreza Wagon/Outback SPT AWD,2009,86
1 - Category 1 Truck,Subaru,Impreza Wagon/Outback Sport,2010,18
1 - Category 1 Truck,Subaru,Legacy AWD,2007,1
1 - Category 1 Truck,Subaru,Legacy AWD,2009,21
1 - Category 1 Truck,Subaru,Legacy AWD,2010,38
1 - Category 1 Truck,Subaru,Outback AWD,2007,1
1 - Category 1 Truck,Subaru,Outback Wagon AWD,2007,2
1 - Category 1 Truck,Subaru,Outback Wagon AWD,2008,13
1 - Category 1 Truck,Subaru,Outback Wagon AWD,2009,1167
1 - Category 1 Truck,Subaru,Outback Wagon AWD,2010,3033
1 - Category 1 Truck,Subaru,Tribeca AWD,2008,8
1 - Category 1 Truck,Subaru,Tribeca AWD,2009,213
1 - Category 1 Truck,Subaru,Tribeca AWD,2010,6
1 - Category 1 Truck,Suzuki,Equator 2WD,2009,21
1 - Category 1 Truck,Suzuki,Equator 2WD,2010,1
1 - Category 1 Truck,Suzuki,Equator 4WD,2009,3
1 - Category 1 Truck,Suzuki,Forenza,2008,1
1 - Category 1 Truck,Suzuki,Forenza Wagon,2008,2
1 - Category 1 Truck,Suzuki,Grand Vitara,2008,10
1 - Category 1 Truck,Suzuki,Grand Vitara,2009,351
1 - Category 1 Truck,Suzuki,Grand Vitara 4WD,2009,455
1 - Category 1 Truck,Suzuki,Grand Vitara 4WD,2010,3
1 - Category 1 Truck,Suzuki,Grand Vitara AWD,2008,27
1 - Category 1 Truck,Suzuki,SX4,2009,3
1 - Category 1 Truck,Suzuki,SX4 AWD,2008,3
1 - Category 1 Truck,Suzuki,SX4 AWD,2009,34
1 - Category 1 Truck,Suzuki,SX4 Sedan,2008,2
1 - Category 1 Truck,Suzuki,SX4 Sedan,2009,12
1 - Category 1 Truck,Suzuki,SX4 Sport,2009,11
1 - Category 1 Truck,Suzuki,XL7 AWD,2007,2
1 - Category 1 Truck,Suzuki,XL7 AWD,2008,1
1 - Category 1 Truck,Suzuki,XL7 AWD,2009,144
1 - Category 1 Truck,Suzuki,XL7 FWD,2008,5
1 - Category 1 Truck,Suzuki,XL7 FWD,2009,3
1 - Category 1 Truck,Toyota,4Runner 2WD,2008,16
1 - Category 1 Truck,Toyota,4Runner 2WD,2009,158
1 - Category 1 Truck,Toyota,4Runner 4WD,2009,1
1 - Category 1 Truck,Toyota,Avalon,2009,14
1 - Category 1 Truck,Toyota,Camry,2009,22
1 - Category 1 Truck,Toyota,Camry,2010,335
1 - Category 1 Truck,Toyota,Camry Hybrid,2009,21
1 - Category 1 Truck,Toyota,Camry Hybrid,2010,5
1 - Category 1 Truck,Toyota,Corolla,2009,31
1 - Category 1 Truck,Toyota,Corolla,2010,410
1 - Category 1 Truck,Toyota,FJ Cruiser 2WD,2008,3
1 - Category 1 Truck,Toyota,FJ Cruiser 2WD,2009,25
1 - Category 1 Truck,Toyota,Highlander 2WD,2007,7
1 - Category 1 Truck,Toyota,Highlander 2WD,2008,30
1 - Category 1 Truck,Toyota,Highlander 2WD,2009,3248
1 - Category 1 Truck,Toyota,Highlander 4WD,2007,2
1 - Category 1 Truck,Toyota,Highlander 4WD,2008,31
1 - Category 1 Truck,Toyota,Highlander 4WD,2009,2597
1 - Category 1 Truck,Toyota,Highlander Hybrid 2WD,2007,3
1 - Category 1 Truck,Toyota,Highlander Hybrid 4WD,2007,8
1 - Category 1 Truck,Toyota,Highlander Hybrid 4WD,2008,30
1 - Category 1 Truck,Toyota,Highlander Hybrid 4WD,2009,726
1 - Category 1 Truck,Toyota,Matrix,2009,37
1 - Category 1 Truck,Toyota,Matrix,2010,10
1 - Category 1 Truck,Toyota,Prius,2009,12
1 - Category 1 Truck,Toyota,Prius,2010,218
1 - Category 1 Truck,Toyota,RAV4 2WD,2007,2
1 - Category 1 Truck,Toyota,RAV4 2WD,2008,38
1 - Category 1 Truck,Toyota,RAV4 2WD,2009,6089
1 - Category 1 Truck,Toyota,RAV4 2WD,2010,36
1 - Category 1 Truck,Toyota,RAV4 4WD,2007,20
1 - Category 1 Truck,Toyota,RAV4 4WD,2008,40
1 - Category 1 Truck,Toyota,RAV4 4WD,2009,8418
1 - Category 1 Truck,Toyota,RAV4 4WD,2010,50
1 - Category 1 Truck,Toyota,Sienna 2WD,2008,6
1 - Category 1 Truck,Toyota,Sienna 2WD,2009,261
1 - Category 1 Truck,Toyota,Sienna 2WD,2010,2326
1 - Category 1 Truck,Toyota,Sienna 4WD,2009,31
1 - Category 1 Truck,Toyota,Sienna 4WD,2010,286
1 - Category 1 Truck,Toyota,Tacoma 2WD,2007,21
1 - Category 1 Truck,Toyota,Tacoma 2WD,2008,45
1 - Category 1 Truck,Toyota,Tacoma 2WD,2009,4833
1 - Category 1 Truck,Toyota,Tacoma 2WD,2010,1026
1 - Category 1 Truck,Toyota,Tacoma 4WD,2007,18
1 - Category 1 Truck,Toyota,Tacoma 4WD,2008,41
1 - Category 1 Truck,Toyota,Tacoma 4WD,2009,3885
1 - Category 1 Truck,Toyota,Tacoma 4WD,2010,454
1 - Category 1 Truck,Toyota,Tundra 2WD,2008,2
1 - Category 1 Truck,Toyota,Tundra 2WD,2009,8
1 - Category 1 Truck,Toyota,Tundra 2WD,2010,35
1 - Category 1 Truck,Toyota,Tundra 4WD,2010,13
1 - Category 1 Truck,Toyota,Tundra 4WD FFV,2010,2
1 - Category 1 Truck,Toyota,UNLISTED,2009,5
1 - Category 1 Truck,Toyota,UNLISTED,2010,1
1 - Category 1 Truck,Toyota,Venza,2009,2865
1 - Category 1 Truck,Toyota,Venza AWD,2009,1902
1 - Category 1 Truck,Toyota,Yaris,2007,1
1 - Category 1 Truck,Toyota,Yaris,2008,2
1 - Category 1 Truck,Toyota,Yaris,2009,56
1 - Category 1 Truck,Toyota,Yaris,2010,1
1 - Category 1 Truck,Volkswagen,CC,2009,3
1 - Category 1 Truck,Volkswagen,CC,2010,1
1 - Category 1 Truck,Volkswagen,Eos,2009,8
1 - Category 1 Truck,Volkswagen,GTI,2009,6
1 - Category 1 Truck,Volkswagen,GTI,2010,1
1 - Category 1 Truck,Volkswagen,Jetta,2009,128
1 - Category 1 Truck,Volkswagen,Jetta,2010,12
1 - Category 1 Truck,Volkswagen,Jetta SportWagen,2008,1
1 - Category 1 Truck,Volkswagen,Jetta SportWagen,2009,41
1 - Category 1 Truck,Volkswagen,Jetta SportWagen,2010,6
1 - Category 1 Truck,Volkswagen,New Beetle,2009,4
1 - Category 1 Truck,Volkswagen,New Beetle,2010,1
1 - Category 1 Truck,Volkswagen,New Beetle Convertible,2008,1
1 - Category 1 Truck,Volkswagen,New Beetle Convertible,2009,6
1 - Category 1 Truck,Volkswagen,Passat,2008,1
1 - Category 1 Truck,Volkswagen,Passat,2009,16
1 - Category 1 Truck,Volkswagen,Passat CC,2009,2
1 - Category 1 Truck,Volkswagen,Passat Wagon,2009,5
1 - Category 1 Truck,Volkswagen,Passat Wagon,2010,1
1 - Category 1 Truck,Volkswagen,Rabbit,2009,12
1 - Category 1 Truck,Volkswagen,Routan,2010,6
1 - Category 1 Truck,Volkswagen,Routan FWD,2009,515
1 - Category 1 Truck,Volkswagen,Tiguan,2009,440
1 - Category 1 Truck,Volkswagen,Tiguan,2010,23
1 - Category 1 Truck,Volkswagen,Tiguan 4motion,2009,229
1 - Category 1 Truck,Volkswagen,Tiguan 4motion,2010,13
1 - Category 1 Truck,Volkswagen,Touareg,2009,40
1 - Category 1 Truck,Volvo,C30 FWD,2008,1
1 - Category 1 Truck,Volvo,C30 FWD,2009,2
1 - Category 1 Truck,Volvo,S40 FWD,2009,2
1 - Category 1 Truck,Volvo,S60 FWD,2007,3
1 - Category 1 Truck,Volvo,S60 FWD,2009,15
1 - Category 1 Truck,Volvo,UNLISTED,2009,1
1 - Category 1 Truck,Volvo,UNLISTED,2010,2
1 - Category 1 Truck,Volvo,V50 FWD,2009,2
1 - Category 1 Truck,Volvo,XC 60 AWD,2009,7
1 - Category 1 Truck,Volvo,XC 60 AWD,2010,79
1 - Category 1 Truck,Volvo,XC 60 FWD,2010,10
1 - Category 1 Truck,Volvo,XC 70 AWD,2009,106
1 - Category 1 Truck,Volvo,XC 70 AWD,2010,3
1 - Category 1 Truck,Volvo,XC 90 FWD,2010,15
1 - Category 1 Truck,smart,fortwo convertible,2008,1
1 - Category 1 Truck,smart,fortwo convertible,2009,3
1 - Category 1 Truck,smart,fortwo coupe,2009,17
2 - Category 2 Truck,Acura,MDX 4WD,2007,1
2 - Category 2 Truck,Acura,RDX 4WD,2009,1
2 - Category 2 Truck,Audi,A3 Quattro,2009,1
2 - Category 2 Truck,Audi,A4 Cabriolet,2009,1
2 - Category 2 Truck,Audi,Q5,2010,1
2 - Category 2 Truck,Buick,Enclave AWD,2009,1
2 - Category 2 Truck,Buick,Enclave FWD,2009,4
2 - Category 2 Truck,Buick,Enclave FWD,2010,1
2 - Category 2 Truck,Chevrolet,Avalanche 1500 2WD,2008,1
2 - Category 2 Truck,Chevrolet,Avalanche 1500 2WD,2009,3
2 - Category 2 Truck,Chevrolet,Aveo,2009,1
2 - Category 2 Truck,Chevrolet,Aveo 5,2009,4
2 - Category 2 Truck,Chevrolet,Cobalt,2009,11
2 - Category 2 Truck,Chevrolet,Cobalt XFE,2009,1
2 - Category 2 Truck,Chevrolet,Colorado 2WD,2009,25
2 - Category 2 Truck,Chevrolet,Colorado 4WD,2009,5
2 - Category 2 Truck,Chevrolet,Colorado Cab Chassis inc 4WD,2009,1
2 - Category 2 Truck,Chevrolet,Colorado Crew Cab 2WD,2009,9
2 - Category 2 Truck,Chevrolet,Colorado Crew Cab 4WD,2009,7
2 - Category 2 Truck,Chevrolet,Equinox AWD,2009,6
2 - Category 2 Truck,Chevrolet,Equinox AWD,2010,6
2 - Category 2 Truck,Chevrolet,Equinox FWD,2009,11
2 - Category 2 Truck,Chevrolet,Equinox FWD,2010,11
2 - Category 2 Truck,Chevrolet,Express 1500 2WD Cargo,2010,34
2 - Category 2 Truck,Chevrolet,Express 1500 2WD Passenger,2009,6
2 - Category 2 Truck,Chevrolet,Express 1500 AWD Passenger,2009,2
2 - Category 2 Truck,Chevrolet,HHR FWD,2009,20
2 - Category 2 Truck,Chevrolet,HHR FWD,2010,1
2 - Category 2 Truck,Chevrolet,HHR Panel FWD,2009,4
2 - Category 2 Truck,Chevrolet,Impala,2009,2
2 - Category 2 Truck,Chevrolet,Malibu,2007,1
2 - Category 2 Truck,Chevrolet,Malibu,2009,8
2 - Category 2 Truck,Chevrolet,Malibu,2010,1
2 - Category 2 Truck,Chevrolet,Malibu Hybrid,2009,1
2 - Category 2 Truck,Chevrolet,Silverado 15 Hybrid 2WD,2009,56
2 - Category 2 Truck,Chevrolet,Silverado 15 Hybrid 4WD,2009,48
2 - Category 2 Truck,Chevrolet,Silverado C15 2WD,2007,77
2 - Category 2 Truck,Chevrolet,Silverado C15 2WD,2008,62
2 - Category 2 Truck,Chevrolet,Silverado C15 2WD,2009,8017
2 - Category 2 Truck,Chevrolet,Silverado C15 2WD,2010,27
2 - Category 2 Truck,Chevrolet,Silverado C15 XFE 2WD,2009,145
2 - Category 2 Truck,Chevrolet,Silverado Classic 1500 2WD,2007,1
2 - Category 2 Truck,Chevrolet,Silverado Classic 1500 4WD,2007,3
2 - Category 2 Truck,Chevrolet,Silverado K15 4WD,2007,16
2 - Category 2 Truck,Chevrolet,Silverado K15 4WD,2008,32
2 - Category 2 Truck,Chevrolet,Silverado K15 4WD,2009,6911
2 - Category 2 Truck,Chevrolet,Silverado K15 4WD,2010,3
2 - Category 2 Truck,Chevrolet,Tahoe 1500 2WD,2009,1
2 - Category 2 Truck,Chevrolet,Traverse AWD,2009,9
2 - Category 2 Truck,Chevrolet,Traverse AWD,2010,1
2 - Category 2 Truck,Chevrolet,Traverse FWD,2009,13
2 - Category 2 Truck,Chevrolet,Traverse FWD,2010,2
2 - Category 2 Truck,Chevrolet,UNLISTED,2009,5
2 - Category 2 Truck,Chevrolet,Van 1500 2WD Cargo,2009,648
2 - Category 2 Truck,Chevrolet,Van 1500 AWD Cargo,2009,16
2 - Category 2 Truck,Chevrolet,Van 1500/2500 2WD,2008,25
2 - Category 2 Truck,Chrysler,PT Cruiser,2008,2
2 - Category 2 Truck,Chrysler,PT Cruiser,2009,7
2 - Category 2 Truck,Chrysler,Town and Country,2009,9
2 - Category 2 Truck,Dodge,Avenger,2009,4
2 - Category 2 Truck,Dodge,Caliber,2009,2
2 - Category 2 Truck,Dodge,Caravan/Grand Caravan 2WD,2008,1
2 - Category 2 Truck,Dodge,Caravan/Grand Caravan FWD,2009,15
2 - Category 2 Truck,Dodge,Dakota Pickup 2WD,2007,2
2 - Category 2 Truck,Dodge,Dakota Pickup 2WD,2008,11
2 - Category 2 Truck,Dodge,Dakota Pickup 2WD,2009,294
2 - Category 2 Truck,Dodge,Dakota Pickup 2WD,2010,2
2 - Category 2 Truck,Dodge,Dakota Pickup 4WD,2007,2
2 - Category 2 Truck,Dodge,Dakota Pickup 4WD,2008,7
2 - Category 2 Truck,Dodge,Dakota Pickup 4WD,2009,141
2 - Category 2 Truck,Dodge,Grand Caravan,2010,2
2 - Category 2 Truck,Dodge,Journey 2WD,2009,10
2 - Category 2 Truck,Dodge,Ram 1500 Pickup 2WD,2007,7
2 - Category 2 Truck,Dodge,Ram 1500 Pickup 2WD,2008,54
2 - Category 2 Truck,Dodge,Ram 1500 Pickup 2WD,2009,2830
2 - Category 2 Truck,Dodge,Ram 1500 Pickup 2WD,2010,10
2 - Category 2 Truck,Dodge,Ram 1500 Pickup 4WD,2007,2
2 - Category 2 Truck,Dodge,Ram 1500 Pickup 4WD,2008,11
2 - Category 2 Truck,Dodge,Ram 1500 Pickup 4WD,2009,2290
2 - Category 2 Truck,Dodge,Ram 1500 Pickup 4WD,2010,7
2 - Category 2 Truck,Dodge,UNLISTED,2009,1
2 - Category 2 Truck,Ford,Edge AWD,2009,1
2 - Category 2 Truck,Ford,Edge AWD,2010,2
2 - Category 2 Truck,Ford,Edge FWD,2008,1
2 - Category 2 Truck,Ford,Edge FWD,2009,9
2 - Category 2 Truck,Ford,Edge FWD,2010,6
2 - Category 2 Truck,Ford,Escape 4WD,2008,1
2 - Category 2 Truck,Ford,Escape 4WD,2009,16
2 - Category 2 Truck,Ford,Escape FWD,2008,1
2 - Category 2 Truck,Ford,Escape FWD,2009,26
2 - Category 2 Truck,Ford,Escape FWD,2010,3
2 - Category 2 Truck,Ford,Escape Hybrid FWD,2009,5
2 - Category 2 Truck,Ford,Explorer 2WD,2009,5
2 - Category 2 Truck,Ford,Explorer 2WD,2010,1
2 - Category 2 Truck,Ford,Explorer Sport Trac 2WD,2008,3
2 - Category 2 Truck,Ford,Explorer Sport Trac 2WD,2009,42
2 - Category 2 Truck,Ford,Explorer Sport Trac 2WD,2010,12
2 - Category 2 Truck,Ford,Explorer Sport Trac 4WD,2008,4
2 - Category 2 Truck,Ford,Explorer Sport Trac 4WD,2009,28
2 - Category 2 Truck,Ford,Explorer Sport Trac 4WD,2010,11
2 - Category 2 Truck,Ford,F150 Pickup 2WD,2007,5
2 - Category 2 Truck,Ford,F150 Pickup 2WD,2008,44
2 - Category 2 Truck,Ford,F150 Pickup 2WD,2009,7411
2 - Category 2 Truck,Ford,F150 Pickup 2WD,2010,404
2 - Category 2 Truck,Ford,F150 Pickup 4WD,2007,4
2 - Category 2 Truck,Ford,F150 Pickup 4WD,2008,2
2 - Category 2 Truck,Ford,F150 Pickup 4WD,2009,2763
2 - Category 2 Truck,Ford,F150 Pickup 4WD,2010,231
2 - Category 2 Truck,Ford,F150 Pickup FFV 2WD,2007,1
2 - Category 2 Truck,Ford,F150 Pickup FFV 2WD,2008,7
2 - Category 2 Truck,Ford,F150 Pickup FFV 2WD,2009,896
2 - Category 2 Truck,Ford,F150 Pickup FFV 2WD,2010,105
2 - Category 2 Truck,Ford,F150 Pickup FFV 4WD,2007,1
2 - Category 2 Truck,Ford,F150 Pickup FFV 4WD,2008,19
2 - Category 2 Truck,Ford,F150 Pickup FFV 4WD,2009,2914
2 - Category 2 Truck,Ford,F150 Pickup FFV 4WD,2010,279
2 - Category 2 Truck,Ford,F150 SFE 2WD,2009,110
2 - Category 2 Truck,Ford,Flex AWD,2010,1
2 - Category 2 Truck,Ford,Flex FWD,2009,10
2 - Category 2 Truck,Ford,Flex FWD,2010,5
2 - Category 2 Truck,Ford,Focus FWD,2009,10
2 - Category 2 Truck,Ford,Freestar Cargo Van FWD,2007,1
2 - Category 2 Truck,Ford,Fusion FWD,2009,4
2 - Category 2 Truck,Ford,Fusion FWD,2010,4
2 - Category 2 Truck,Ford,Fusion S FWD,2010,1
2 - Category 2 Truck,Ford,Ranger Pickup 2WD,2007,1
2 - Category 2 Truck,Ford,Ranger Pickup 2WD,2009,78
2 - Category 2 Truck,Ford,Ranger Pickup 4WD,2009,5
2 - Category 2 Truck,Ford,Taurus X FWD,2008,1
2 - Category 2 Truck,Ford,Transit Connect,2010,14
2 - Category 2 Truck,Ford,UNLISTED,2008,2
2 - Category 2 Truck,Ford,UNLISTED,2009,4
2 - Category 2 Truck,GMC,Acadia AWD,2009,4
2 - Category 2 Truck,GMC,Acadia FWD,2009,10
2 - Category 2 Truck,GMC,Acadia FWD,2010,1
2 - Category 2 Truck,GMC,Canyon 2WD,2009,15
2 - Category 2 Truck,GMC,Canyon 4WD,2008,1
2 - Category 2 Truck,GMC,Canyon 4WD,2009,2
2 - Category 2 Truck,GMC,Canyon Crew Cab 2WD,2009,5
2 - Category 2 Truck,GMC,Canyon Crew Cab 4WD,2009,1
2 - Category 2 Truck,GMC,Canyon Crew Cab 4WD,2010,1
2 - Category 2 Truck,GMC,Savana 1500 AWD (cargo),2009,5
2 - Category 2 Truck,GMC,Savana 1500 2WD (cargo),2009,140
2 - Category 2 Truck,GMC,Savana 1500 2WD (cargo),2010,4
2 - Category 2 Truck,GMC,Savana 1500 AWD (cargo),2009,2
2 - Category 2 Truck,GMC,Savana 1500/2500 2WD (cargo),2008,13
2 - Category 2 Truck,GMC,Sierra 15 Hybrid 2WD,2009,25
2 - Category 2 Truck,GMC,Sierra 15 Hybrid 4WD,2009,16
2 - Category 2 Truck,GMC,Sierra C15 2WD,2007,32
2 - Category 2 Truck,GMC,Sierra C15 2WD,2008,35
2 - Category 2 Truck,GMC,Sierra C15 2WD,2009,2566
2 - Category 2 Truck,GMC,Sierra C15 2WD,2010,7
2 - Category 2 Truck,GMC,Sierra C15 XFE 2WD,2009,47
2 - Category 2 Truck,GMC,Sierra Classic 15 Hybrid 4WD,2007,1
2 - Category 2 Truck,GMC,Sierra Classic 1500 2WD,2007,1
2 - Category 2 Truck,GMC,Sierra Classic 1500 4WD,2007,4
2 - Category 2 Truck,GMC,Sierra K15 4WD,2007,4
2 - Category 2 Truck,GMC,Sierra K15 4WD,2008,17
2 - Category 2 Truck,GMC,Sierra K15 4WD,2009,2492
2 - Category 2 Truck,GMC,Sierra K15 4WD,2010,2
2 - Category 2 Truck,GMC,UNLISTED,2009,2
2 - Category 2 Truck,GMC,Yukon 1500 4WD,2009,1
2 - Category 2 Truck,Honda,Accord,2009,3
2 - Category 2 Truck,Honda,CR-V 2WD,2009,3
2 - Category 2 Truck,Honda,CR-V 4WD,2009,10
2 - Category 2 Truck,Honda,Civic,2009,4
2 - Category 2 Truck,Honda,Civic CNG,2009,1
2 - Category 2 Truck,Honda,Element 2WD,2009,1
2 - Category 2 Truck,Honda,Fit,2009,1
2 - Category 2 Truck,Honda,Insight,2010,1
2 - Category 2 Truck,Honda,Odyssey,2009,4
2 - Category 2 Truck,Honda,Odyssey,2010,1
2 - Category 2 Truck,Honda,Pilot 2WD,2010,1
2 - Category 2 Truck,Honda,Pilot 4WD,2010,3
2 - Category 2 Truck,Honda,Ridgeline Truck 4WD,2007,1
2 - Category 2 Truck,Honda,Ridgeline Truck 4WD,2008,7
2 - Category 2 Truck,Honda,Ridgeline Truck 4WD,2009,369
2 - Category 2 Truck,Honda,Ridgeline Truck 4WD,2010,1
2 - Category 2 Truck,Hummer,H3T 4WD,2009,13
2 - Category 2 Truck,Hyundai,Accent,2009,2
2 - Category 2 Truck,Hyundai,Elantra,2009,1
2 - Category 2 Truck,Hyundai,Elantra Touring,2009,1
2 - Category 2 Truck,Hyundai,Santa Fe 2WD,2009,6
2 - Category 2 Truck,Hyundai,Santa Fe 4WD,2009,1
2 - Category 2 Truck,Hyundai,Sonata,2009,3
2 - Category 2 Truck,Hyundai,Tucson 2WD,2009,1
2 - Category 2 Truck,Jeep,Compass 2WD,2009,6
2 - Category 2 Truck,Jeep,Compass 4WD,2009,2
2 - Category 2 Truck,Jeep,Grand Cherokee 2WD,2009,3
2 - Category 2 Truck,Jeep,Patriot 2WD,2008,1
2 - Category 2 Truck,Jeep,Patriot 2WD,2009,12
2 - Category 2 Truck,Jeep,Patriot 4WD,2009,8
2 - Category 2 Truck,Kia,Forte,2010,1
2 - Category 2 Truck,Kia,Optima,2009,2
2 - Category 2 Truck,Kia,Rio,2009,1
2 - Category 2 Truck,Kia,Sedona,2009,1
2 - Category 2 Truck,Kia,Soul,2010,2
2 - Category 2 Truck,Kia,Sportage 2WD,2009,3
2 - Category 2 Truck,Kia,Sportage 4WD,2009,2
2 - Category 2 Truck,Lexus,ES 350,2009,1
2 - Category 2 Truck,Lincoln,MKX AWD,2009,1
2 - Category 2 Truck,Lincoln,MKX FWD,2010,1
2 - Category 2 Truck,Mazda,3,2010,1
2 - Category 2 Truck,Mazda,5,2009,1
2 - Category 2 Truck,Mazda,B2300 2WD,2009,1
2 - Category 2 Truck,Mazda,CX-7 4WD,2009,2
2 - Category 2 Truck,Mercury,Mariner 4WD,2008,1
2 - Category 2 Truck,Mercury,Mariner 4WD,2009,4
2 - Category 2 Truck,Mercury,Mariner FWD,2009,3
2 - Category 2 Truck,Mercury,Mariner Hybrid FWD,2008,1
2 - Category 2 Truck,Mercury,Mariner Hybrid FWD,2009,1
2 - Category 2 Truck,Mercury,Milan,2010,1
2 - Category 2 Truck,Mitsubishi,Outlander 2WD,2009,1
2 - Category 2 Truck,Mitsubishi,Raider Pickup 2WD,2008,20
2 - Category 2 Truck,Mitsubishi,Raider Pickup 2WD,2009,28
2 - Category 2 Truck,Mitsubishi,Raider Pickup 4WD,2008,1
2 - Category 2 Truck,Nissan,Altima,2009,2
2 - Category 2 Truck,Nissan,Altima Coupe,2009,1
2 - Category 2 Truck,Nissan,Cube,2009,1
2 - Category 2 Truck,Nissan,Frontier 2WD,2008,15
2 - Category 2 Truck,Nissan,Frontier 2WD,2009,945
2 - Category 2 Truck,Nissan,Frontier 2WD,2010,50
2 - Category 2 Truck,Nissan,Frontier 4WD,2008,7
2 - Category 2 Truck,Nissan,Frontier 4WD,2009,422
2 - Category 2 Truck,Nissan,Frontier 4WD,2010,14
2 - Category 2 Truck,Nissan,Frontier V6 2WD,2007,2
2 - Category 2 Truck,Nissan,Frontier V6 4WD,2007,2
2 - Category 2 Truck,Nissan,Maxima,2009,1
2 - Category 2 Truck,Nissan,Murano AWD,2009,2
2 - Category 2 Truck,Nissan,Murano FWD,2009,3
2 - Category 2 Truck,Nissan,Rogue AWD,2009,1
2 - Category 2 Truck,Nissan,Rogue FWD,2009,2
2 - Category 2 Truck,Nissan,Sentra,2009,1
2 - Category 2 Truck,Nissan,Sentra FE,2009,2
2 - Category 2 Truck,Nissan,Titan FE 2WD,2009,2
2 - Category 2 Truck,Nissan,Titan FE 2WD FFV,2009,8
2 - Category 2 Truck,Nissan,Versa,2009,5
2 - Category 2 Truck,Nissan,Xterra 2WD,2009,1
2 - Category 2 Truck,Pontiac,G3 Wave 5,2009,2
2 - Category 2 Truck,Pontiac,G5,2009,3
2 - Category 2 Truck,Pontiac,G5 GT,2009,1
2 - Category 2 Truck,Pontiac,G6,2009,4
2 - Category 2 Truck,Pontiac,Torrent AWD,2009,2
2 - Category 2 Truck,Pontiac,Torrent FWD,2009,1
2 - Category 2 Truck,Pontiac,Vibe,2009,1
2 - Category 2 Truck,Saturn,Outlook AWD,2009,1
2 - Category 2 Truck,Saturn,Vue AWD,2008,1
2 - Category 2 Truck,Saturn,Vue AWD,2010,1
2 - Category 2 Truck,Saturn,Vue FWD,2008,1
2 - Category 2 Truck,Saturn,Vue FWD,2009,4
2 - Category 2 Truck,Subaru,Forester AWD,2009,3
2 - Category 2 Truck,Subaru,Forester AWD,2010,16
2 - Category 2 Truck,Subaru,Impreza AWD,2009,1
2 - Category 2 Truck,Subaru,Impreza Wagon/Outback SPT AWD,2009,1
2 - Category 2 Truck,Subaru,Legacy AWD,2010,2
2 - Category 2 Truck,Subaru,Outback Wagon AWD,2010,9
2 - Category 2 Truck,Subaru,Tribeca AWD,2009,1
2 - Category 2 Truck,Suzuki,Equator 2WD,2009,297
2 - Category 2 Truck,Suzuki,Equator 2WD,2010,2
2 - Category 2 Truck,Suzuki,Equator 4WD,2009,21
2 - Category 2 Truck,Suzuki,Grand Vitara 4WD,2009,1
2 - Category 2 Truck,Toyota,4Runner 2WD,2009,1
2 - Category 2 Truck,Toyota,Camry,2010,5
2 - Category 2 Truck,Toyota,Corolla,2010,6
2 - Category 2 Truck,Toyota,Highlander 2WD,2009,2
2 - Category 2 Truck,Toyota,Highlander 4WD,2009,3
2 - Category 2 Truck,Toyota,Highlander Hybrid 4WD,2009,4
2 - Category 2 Truck,Toyota,Prius,2010,2
2 - Category 2 Truck,Toyota,RAV4 2WD,2009,5
2 - Category 2 Truck,Toyota,RAV4 4WD,2009,3
2 - Category 2 Truck,Toyota,Sienna 2WD,2009,1
2 - Category 2 Truck,Toyota,Sienna 2WD,2010,2
2 - Category 2 Truck,Toyota,Tacoma 2WD,2009,55
2 - Category 2 Truck,Toyota,Tacoma 2WD,2010,5
2 - Category 2 Truck,Toyota,Tacoma 4WD,2008,1
2 - Category 2 Truck,Toyota,Tacoma 4WD,2009,33
2 - Category 2 Truck,Toyota,Tacoma 4WD,2010,3
2 - Category 2 Truck,Toyota,Tundra 2WD,2008,15
2 - Category 2 Truck,Toyota,Tundra 2WD,2009,54
2 - Category 2 Truck,Toyota,Tundra 2WD,2010,1104
2 - Category 2 Truck,Toyota,Tundra 4WD,2009,29
2 - Category 2 Truck,Toyota,Tundra 4WD,2010,420
2 - Category 2 Truck,Toyota,Tundra 4WD FFV,2010,239
2 - Category 2 Truck,Toyota,UNLISTED,2010,1
2 - Category 2 Truck,Toyota,Venza,2009,2
2 - Category 2 Truck,Toyota,Venza AWD,2009,2
2 - Category 2 Truck,Toyota,Yaris,2009,2
2 - Category 2 Truck,Volkswagen,Eos,2009,1
2 - Category 2 Truck,Volkswagen,Jetta,2009,1
2 - Category 2 Truck,Volkswagen,Routan FWD,2009,1
2 - Category 2 Truck,Volkswagen,Tiguan,2009,1
2 - Category 2 Truck,Volkswagen,Tiguan 4motion,2009,1
3 - Category 3 Truck,Acura,MDX 4WD,2007,1
3 - Category 3 Truck,Chevrolet,Express 1500 2WD Cargo,2010,12
3 - Category 3 Truck,Chevrolet,Express 1500 2WD Conversion Cargo,2010,1
3 - Category 3 Truck,Chevrolet,Express 1500 2WD Passenger,2009,50
3 - Category 3 Truck,Chevrolet,Express 1500 2WD Passenger,2010,2
3 - Category 3 Truck,Chevrolet,Express 1500 AWD,2008,2
3 - Category 3 Truck,Chevrolet,Express 1500 AWD Cargo,2010,3
3 - Category 3 Truck,Chevrolet,Express 1500 AWD Passenger,2009,10
3 - Category 3 Truck,Chevrolet,Express 1500/2500 2WD,2007,5
3 - Category 3 Truck,Chevrolet,Express 1500/2500 2WD,2008,18
3 - Category 3 Truck,Chevrolet,Silverado 15 Hybrid 2WD,2009,1
3 - Category 3 Truck,Chevrolet,Silverado 15 Hybrid 4WD,2009,1
3 - Category 3 Truck,Chevrolet,Silverado C15 2WD,2007,1
3 - Category 3 Truck,Chevrolet,Silverado C15 2WD,2008,2
3 - Category 3 Truck,Chevrolet,Silverado C15 2WD,2009,33
3 - Category 3 Truck,Chevrolet,Silverado C15 XFE 2WD,2009,1
3 - Category 3 Truck,Chevrolet,Silverado Classic 1500 2WD,2007,1
3 - Category 3 Truck,Chevrolet,Silverado K15 4WD,2008,2
3 - Category 3 Truck,Chevrolet,Silverado K15 4WD,2009,88
3 - Category 3 Truck,Chevrolet,Silverado K15 4WD,2010,2
3 - Category 3 Truck,Chevrolet,Traverse FWD,2009,1
3 - Category 3 Truck,Chevrolet,UNLISTED,2008,18
3 - Category 3 Truck,Chevrolet,UNLISTED,2009,448
3 - Category 3 Truck,Chevrolet,UNLISTED,2010,1
3 - Category 3 Truck,Chevrolet,Van 1500 2WD Cargo,2009,34
3 - Category 3 Truck,Chevrolet,Van 1500 2WD Conversion Cargo,2009,3
3 - Category 3 Truck,Chevrolet,Van 1500 AWD Cargo,2009,2
3 - Category 3 Truck,Chevrolet,Van 1500/2500 2WD,2008,1
3 - Category 3 Truck,Chevrolet,Van 1500/2500 AWD,2008,1
3 - Category 3 Truck,Chrysler,Sebring Convertible,2009,1
3 - Category 3 Truck,Chrysler,Town and Country,2009,1
3 - Category 3 Truck,Dodge,Caravan/Grand Caravan FWD,2009,2
3 - Category 3 Truck,Dodge,Dakota Pickup 2WD,2009,1
3 - Category 3 Truck,Dodge,Dakota Pickup 4WD,2007,1
3 - Category 3 Truck,Dodge,Journey 2WD,2009,1
3 - Category 3 Truck,Dodge,Ram 1500 Pickup 2WD,2008,3
3 - Category 3 Truck,Dodge,Ram 1500 Pickup 2WD,2009,6
3 - Category 3 Truck,Dodge,Ram 1500 Pickup 4WD,2008,2
3 - Category 3 Truck,Dodge,Ram 1500 Pickup 4WD,2009,32
3 - Category 3 Truck,Dodge,Ram 1500 Pickup 4WD,2010,2
3 - Category 3 Truck,Dodge,UNLISTED,2007,1
3 - Category 3 Truck,Dodge,UNLISTED,2008,128
3 - Category 3 Truck,Dodge,UNLISTED,2009,225
3 - Category 3 Truck,Ford,Crown Victoria FFV,2008,3
3 - Category 3 Truck,Ford,Crown Victoria FFV,2010,1
3 - Category 3 Truck,Ford,Edge AWD,2007,1
3 - Category 3 Truck,Ford,Expedition 2WD FFV,2009,1
3 - Category 3 Truck,Ford,Explorer 4WD,2009,1
3 - Category 3 Truck,Ford,Explorer Sport Trac 4WD,2008,1
3 - Category 3 Truck,Ford,Explorer Sport Trac 4WD,2010,2
3 - Category 3 Truck,Ford,F150 Pickup 2WD,2007,3
3 - Category 3 Truck,Ford,F150 Pickup 2WD,2008,5
3 - Category 3 Truck,Ford,F150 Pickup 2WD,2009,27
3 - Category 3 Truck,Ford,F150 Pickup 2WD,2010,2
3 - Category 3 Truck,Ford,F150 Pickup 4WD,2007,3
3 - Category 3 Truck,Ford,F150 Pickup 4WD,2008,2
3 - Category 3 Truck,Ford,F150 Pickup 4WD,2009,8
3 - Category 3 Truck,Ford,F150 Pickup 4WD,2010,3
3 - Category 3 Truck,Ford,F150 Pickup FFV 2WD,2008,1
3 - Category 3 Truck,Ford,F150 Pickup FFV 2WD,2009,14
3 - Category 3 Truck,Ford,F150 Pickup FFV 2WD,2010,1
3 - Category 3 Truck,Ford,F150 Pickup FFV 4WD,2009,21
3 - Category 3 Truck,Ford,F150 Pickup FFV 4WD,2010,7
3 - Category 3 Truck,Ford,F150 SFE 2WD,2009,2
3 - Category 3 Truck,Ford,F150 STX SE FFV 2WD,2008,3
3 - Category 3 Truck,Ford,Freestar Cargo Van FWD,2007,10
3 - Category 3 Truck,Ford,Freestar Wagon FWD,2007,1
3 - Category 3 Truck,Ford,Transit Connect,2010,1
3 - Category 3 Truck,Ford,UNLISTED,2008,100
3 - Category 3 Truck,Ford,UNLISTED,2009,609
3 - Category 3 Truck,Ford,UNLISTED,2010,16
3 - Category 3 Truck,GMC,Savana 15/25 2WD Conversion (cargo,2008,2
3 - Category 3 Truck,GMC,Savana 1500 AWD (cargo),2009,2
3 - Category 3 Truck,GMC,Savana 1500 AWD (cargo),2010,2
3 - Category 3 Truck,GMC,Savana 1500 AWD Conversion (cargo,2009,2
3 - Category 3 Truck,GMC,Savana 1500 AWD Conversion (cargo,2010,1
3 - Category 3 Truck,GMC,Savana 1500 2WD (Passenger),2009,1
3 - Category 3 Truck,GMC,Savana 1500 2WD (cargo),2009,22
3 - Category 3 Truck,GMC,Savana 1500 2WD (cargo),2010,4
3 - Category 3 Truck,GMC,Savana 1500 2WD Conversion (cargo),2009,2
3 - Category 3 Truck,GMC,Savana 1500 AWD (Passenger),2009,1
3 - Category 3 Truck,GMC,Savana 1500 AWD (cargo),2009,2
3 - Category 3 Truck,GMC,Savana 1500 AWD Conversion (cargo),2009,1
3 - Category 3 Truck,GMC,Savana 1500/2500 2WD (Passenger),2008,1
3 - Category 3 Truck,GMC,Savana 1500/2500 2WD (cargo),2008,11
3 - Category 3 Truck,GMC,Savana 1500/2500 AWD (cargo),2008,1
3 - Category 3 Truck,GMC,Sierra C15 2WD,2007,1
3 - Category 3 Truck,GMC,Sierra C15 2WD,2009,11
3 - Category 3 Truck,GMC,Sierra K15 4WD,2009,11
3 - Category 3 Truck,GMC,Sierra K15 AWD,2009,1
3 - Category 3 Truck,GMC,UNLISTED,2008,7
3 - Category 3 Truck,GMC,UNLISTED,2009,148
3 - Category 3 Truck,Hummer,H3 4WD,2009,1
3 - Category 3 Truck,Mazda,UNLISTED,2010,1
3 - Category 3 Truck,Mercedes-Be,UNLISTED,2008,1
3 - Category 3 Truck,Nissan,Frontier 2WD,2009,3
3 - Category 3 Truck,Nissan,Rogue AWD,2009,1
3 - Category 3 Truck,Nissan,Titan 4WD,2009,1
3 - Category 3 Truck,Saturn,Vue FWD,2010,1
3 - Category 3 Truck,Toyota,Camry,2010,1
3 - Category 3 Truck,Toyota,Tundra 2WD,2010,4
3 - Category 3 Truck,Toyota,Tundra 4WD,2010,4
3 - Category 3 Truck,Volkswagen,Jetta SportWagen,2009,2
P - Passenger Car,Acura,RDX 2WD,2010,1
P - Passenger Car,Acura,RDX 4WD,2009,4
P - Passenger Car,Acura,RDX 4WD,2010,2
P - Passenger Car,Acura,TSX,2007,1
P - Passenger Car,Acura,TSX,2008,1
P - Passenger Car,Acura,TSX,2009,284
P - Passenger Car,Acura,TSX,2010,482
P - Passenger Car,Acura,UNLISTED,2010,1
P - Passenger Car,Audi,A3,2007,1
P - Passenger Car,Audi,A3,2008,1
P - Passenger Car,Audi,A3,2009,65
P - Passenger Car,Audi,A3,2010,3
P - Passenger Car,Audi,A3 Quattro,2009,59
P - Passenger Car,Audi,A3 Quattro,2010,4
P - Passenger Car,Audi,A4,2008,2
P - Passenger Car,Audi,A4,2009,189
P - Passenger Car,Audi,A4,2010,21
P - Passenger Car,Audi,A4 Avant Quattro,2009,126
P - Passenger Car,Audi,A4 Avant Quattro,2010,14
P - Passenger Car,Audi,A4 Cabriolet,2009,48
P - Passenger Car,Audi,A4 Cabriolet Quattro,2009,30
P - Passenger Car,Audi,A4 Quattro,2007,1
P - Passenger Car,Audi,A4 Quattro,2008,2
P - Passenger Car,Audi,A4 Quattro,2009,292
P - Passenger Car,Audi,A4 Quattro,2010,93
P - Passenger Car,Audi,A5 Cabriolet Quattro,2010,2
P - Passenger Car,Audi,A5 Quattro,2009,1
P - Passenger Car,Audi,A5 Quattro,2010,46
P - Passenger Car,Audi,Q5,2009,5
P - Passenger Car,Audi,Q5,2010,10
P - Passenger Car,Audi,TT Coupe,2009,11
P - Passenger Car,Audi,TT Coupe Quattro,2009,9
P - Passenger Car,Audi,TT Roadster,2008,1
P - Passenger Car,Audi,TT Roadster,2009,6
P - Passenger Car,Audi,TT Roadster Quattro,2009,3
P - Passenger Car,BMW,128i,2008,6
P - Passenger Car,BMW,128i,2009,47
P - Passenger Car,BMW,328ci,2007,2
P - Passenger Car,BMW,328ci,2008,1
P - Passenger Car,BMW,328ci,2009,26
P - Passenger Car,BMW,328ci Convertible,2009,1
P - Passenger Car,BMW,328i,2007,2
P - Passenger Car,BMW,328i,2008,6
P - Passenger Car,BMW,328i,2009,392
P - Passenger Car,BMW,328i Sport Wagon xDrive,2009,2
P - Passenger Car,BMW,328i xDrive,2009,1
P - Passenger Car,BMW,335d,2009,117
P - Passenger Car,BMW,X3 xDrive 30i,2009,8
P - Passenger Car,BMW,Z4 3.0si,2008,1
P - Passenger Car,Buick,Enclave AWD,2009,3
P - Passenger Car,Buick,Enclave FWD,2008,1
P - Passenger Car,Buick,Enclave FWD,2009,8
P - Passenger Car,Buick,Enclave FWD,2010,1
P - Passenger Car,Buick,Lucerne,2009,1
P - Passenger Car,Chevrolet,Aveo,2007,3
P - Passenger Car,Chevrolet,Aveo,2008,11
P - Passenger Car,Chevrolet,Aveo,2009,4076
P - Passenger Car,Chevrolet,Aveo,2010,38
P - Passenger Car,Chevrolet,Aveo 5,2007,7
P - Passenger Car,Chevrolet,Aveo 5,2008,22
P - Passenger Car,Chevrolet,Aveo 5,2009,6877
P - Passenger Car,Chevrolet,Aveo 5,2010,61
P - Passenger Car,Chevrolet,Camaro,2010,365
P - Passenger Car,Chevrolet,Cobalt,2007,14
P - Passenger Car,Chevrolet,Cobalt,2008,82
P - Passenger Car,Chevrolet,Cobalt,2009,10485
P - Passenger Car,Chevrolet,Cobalt Coupe,2010,39
P - Passenger Car,Chevrolet,Cobalt SS Coupe,2010,3
P - Passenger Car,Chevrolet,Cobalt Sedan,2010,54
P - Passenger Car,Chevrolet,Cobalt XFE,2008,20
P - Passenger Car,Chevrolet,Cobalt XFE,2009,2015
P - Passenger Car,Chevrolet,Cobalt XFE Coupe,2010,12
P - Passenger Car,Chevrolet,Cobalt XFE Sedan,2010,16
P - Passenger Car,Chevrolet,Colorado 2WD,2009,9
P - Passenger Car,Chevrolet,Colorado Cab Chassis inc 4WD,2009,1
P - Passenger Car,Chevrolet,Colorado Crew Cab 2WD,2009,1
P - Passenger Car,Chevrolet,Equinox AWD,2009,17
P - Passenger Car,Chevrolet,Equinox AWD,2010,41
P - Passenger Car,Chevrolet,Equinox FWD,2008,2
P - Passenger Car,Chevrolet,Equinox FWD,2009,21
P - Passenger Car,Chevrolet,Equinox FWD,2010,62
P - Passenger Car,Chevrolet,Express 1500 2WD Cargo,2010,1
P - Passenger Car,Chevrolet,HHR FWD,2007,1
P - Passenger Car,Chevrolet,HHR FWD,2008,6
P - Passenger Car,Chevrolet,HHR FWD,2009,209
P - Passenger Car,Chevrolet,HHR FWD,2010,3
P - Passenger Car,Chevrolet,HHR Panel FWD,2009,7
P - Passenger Car,Chevrolet,Impala,2007,10
P - Passenger Car,Chevrolet,Impala,2008,42
P - Passenger Car,Chevrolet,Impala,2009,5551
P - Passenger Car,Chevrolet,Impala,2010,47
P - Passenger Car,Chevrolet,Malibu,2007,1
P - Passenger Car,Chevrolet,Malibu,2008,43
P - Passenger Car,Chevrolet,Malibu,2009,8396
P - Passenger Car,Chevrolet,Malibu,2010,886
P - Passenger Car,Chevrolet,Malibu Hybrid,2008,38
P - Passenger Car,Chevrolet,Malibu Hybrid,2009,353
P - Passenger Car,Chevrolet,Malibu Hybrid,2010,8
P - Passenger Car,Chevrolet,Silverado C15 2WD,2008,1
P - Passenger Car,Chevrolet,Silverado C15 2WD,2009,14
P - Passenger Car,Chevrolet,Silverado K15 4WD,2009,3
P - Passenger Car,Chevrolet,Traverse AWD,2009,15
P - Passenger Car,Chevrolet,Traverse AWD,2010,1
P - Passenger Car,Chevrolet,Traverse FWD,2009,15
P - Passenger Car,Chevrolet,UNLISTED,2009,1
P - Passenger Car,Chrysler,300/SRT-8,2007,1
P - Passenger Car,Chrysler,300/SRT-8,2009,1
P - Passenger Car,Chrysler,PT Cruiser,2007,1
P - Passenger Car,Chrysler,PT Cruiser,2008,13
P - Passenger Car,Chrysler,PT Cruiser,2009,90
P - Passenger Car,Chrysler,PT Cruiser Convertible,2008,4
P - Passenger Car,Chrysler,Sebring,2007,15
P - Passenger Car,Chrysler,Sebring,2008,85
P - Passenger Car,Chrysler,Sebring,2009,2004
P - Passenger Car,Chrysler,Sebring,2010,7
P - Passenger Car,Chrysler,Sebring Convertible,2008,12
P - Passenger Car,Chrysler,Sebring Convertible,2009,115
P - Passenger Car,Chrysler,Sebring Convertible,2010,4
P - Passenger Car,Chrysler,Town and Country,2009,10
P - Passenger Car,Chrysler,UNLISTED,2009,1
P - Passenger Car,Dodge,Avenger,2008,125
P - Passenger Car,Dodge,Avenger,2009,4031
P - Passenger Car,Dodge,Avenger,2010,29
P - Passenger Car,Dodge,Caliber,2007,21
P - Passenger Car,Dodge,Caliber,2008,258
P - Passenger Car,Dodge,Caliber,2009,6275
P - Passenger Car,Dodge,Caliber,2010,1
P - Passenger Car,Dodge,Caliber AWD,2008,8
P - Passenger Car,Dodge,Caravan/Grand Caravan 2WD,2008,3
P - Passenger Car,Dodge,Caravan/Grand Caravan FWD,2009,25
P - Passenger Car,Dodge,Dakota Pickup 2WD,2009,1
P - Passenger Car,Dodge,Grand Caravan,2010,1
P - Passenger Car,Dodge,Journey 2WD,2009,23
P - Passenger Car,Dodge,Journey 2WD,2010,2
P - Passenger Car,Dodge,Nitro 2WD,2009,2
P - Passenger Car,Dodge,Ram 1500 Pickup 4WD,2009,6
P - Passenger Car,Ford,Edge AWD,2009,8
P - Passenger Car,Ford,Edge AWD,2010,8
P - Passenger Car,Ford,Edge FWD,2008,1
P - Passenger Car,Ford,Edge FWD,2009,17
P - Passenger Car,Ford,Edge FWD,2010,30
P - Passenger Car,Ford,Escape 4WD,2008,2
P - Passenger Car,Ford,Escape 4WD,2009,79
P - Passenger Car,Ford,Escape 4WD,2010,4
P - Passenger Car,Ford,Escape 4WD FFV,2010,2
P - Passenger Car,Ford,Escape FWD,2008,1
P - Passenger Car,Ford,Escape FWD,2009,94
P - Passenger Car,Ford,Escape FWD,2010,22
P - Passenger Car,Ford,Escape FWD FFV,2010,5
P - Passenger Car,Ford,Escape Hybrid 4WD,2008,1
P - Passenger Car,Ford,Escape Hybrid 4WD,2009,10
P - Passenger Car,Ford,Escape Hybrid FWD,2008,1
P - Passenger Car,Ford,Escape Hybrid FWD,2009,22
P - Passenger Car,Ford,Escape Hybrid FWD,2010,4
P - Passenger Car,Ford,Explorer 4WD,2007,1
P - Passenger Car,Ford,F150 Pickup 2WD,2009,5
P - Passenger Car,Ford,F150 Pickup 4WD,2009,2
P - Passenger Car,Ford,F150 Pickup FFV 4WD,2009,1
P - Passenger Car,Ford,Flex AWD,2009,4
P - Passenger Car,Ford,Flex AWD,2010,1
P - Passenger Car,Ford,Flex FWD,2009,17
P - Passenger Car,Ford,Flex FWD,2010,4
P - Passenger Car,Ford,Focus,2007,3
P - Passenger Car,Ford,Focus,2008,67
P - Passenger Car,Ford,Focus FWD,2009,17070
P - Passenger Car,Ford,Focus FWD,2010,4107
P - Passenger Car,Ford,Focus Station Wagon,2007,1
P - Passenger Car,Ford,Fusion,2008,11
P - Passenger Car,Ford,Fusion AWD,2009,2
P - Passenger Car,Ford,Fusion AWD,2010,1
P - Passenger Car,Ford,Fusion AWD FFV,2010,6
P - Passenger Car,Ford,Fusion FWD,2009,969
P - Passenger Car,Ford,Fusion FWD,2010,8616
P - Passenger Car,Ford,Fusion FWD FFV,2010,736
P - Passenger Car,Ford,Fusion Hybrid FWD,2010,2113
P - Passenger Car,Ford,Fusion S FWD,2010,337
P - Passenger Car,Ford,Mustang,2009,1
P - Passenger Car,Ford,Ranger Pickup 2WD,2009,21
P - Passenger Car,Ford,Taurus FWD,2008,64
P - Passenger Car,Ford,Taurus FWD,2009,3
P - Passenger Car,Ford,Taurus FWD,2010,209
P - Passenger Car,Ford,Taurus X AWD,2008,1
P - Passenger Car,Ford,Transit Connect,2010,9
P - Passenger Car,Ford,UNLISTED,2008,1
P - Passenger Car,Ford,UNLISTED,2010,1
P - Passenger Car,GMC,Acadia AWD,2009,7
P - Passenger Car,GMC,Acadia AWD,2010,1
P - Passenger Car,GMC,Acadia FWD,2009,9
P - Passenger Car,GMC,Acadia FWD,2010,1
P - Passenger Car,GMC,Canyon 2WD,2009,7
P - Passenger Car,GMC,Canyon 4WD,2009,2
P - Passenger Car,GMC,Canyon Crew Cab 2WD,2009,1
P - Passenger Car,GMC,Sierra C15 2WD,2009,6
P - Passenger Car,GMC,Sierra K15 4WD,2009,6
P - Passenger Car,Honda,Accord,2007,2
P - Passenger Car,Honda,Accord,2008,93
P - Passenger Car,Honda,Accord,2009,11958
P - Passenger Car,Honda,Accord Coupe,2008,49
P - Passenger Car,Honda,Accord Coupe,2009,3252
P - Passenger Car,Honda,CR-V 2WD,2007,1
P - Passenger Car,Honda,CR-V 2WD,2008,1
P - Passenger Car,Honda,CR-V 2WD,2009,139
P - Passenger Car,Honda,CR-V 4WD,2007,4
P - Passenger Car,Honda,CR-V 4WD,2008,3
P - Passenger Car,Honda,CR-V 4WD,2009,204
P - Passenger Car,Honda,Civic,2007,60
P - Passenger Car,Honda,Civic,2008,144
P - Passenger Car,Honda,Civic,2009,26294
P - Passenger Car,Honda,Civic CNG,2007,2
P - Passenger Car,Honda,Civic CNG,2008,7
P - Passenger Car,Honda,Civic CNG,2009,390
P - Passenger Car,Honda,Civic Hybrid,2008,8
P - Passenger Car,Honda,Civic Hybrid,2009,610
P - Passenger Car,Honda,Element 2WD,2008,1
P - Passenger Car,Honda,Element 2WD,2009,10
P - Passenger Car,Honda,Element 4WD,2009,16
P - Passenger Car,Honda,Fit,2007,8
P - Passenger Car,Honda,Fit,2008,37
P - Passenger Car,Honda,Fit,2009,11828
P - Passenger Car,Honda,Fit,2010,28
P - Passenger Car,Honda,Insight,2010,2979
P - Passenger Car,Honda,Odyssey,2009,30
P - Passenger Car,Honda,Odyssey,2010,20
P - Passenger Car,Honda,Pilot 2WD,2009,3
P - Passenger Car,Honda,Pilot 2WD,2010,8
P - Passenger Car,Honda,Pilot 4WD,2009,5
P - Passenger Car,Honda,Pilot 4WD,2010,15
P - Passenger Car,Honda,Ridgeline Truck 4WD,2009,1
P - Passenger Car,Honda,UNLISTED,2010,2
P - Passenger Car,Hyundai,Accent,2007,20
P - Passenger Car,Hyundai,Accent,2008,134
P - Passenger Car,Hyundai,Accent,2009,8189
P - Passenger Car,Hyundai,Accent,2010,23
P - Passenger Car,Hyundai,Elantra,2007,26
P - Passenger Car,Hyundai,Elantra,2008,140
P - Passenger Car,Hyundai,Elantra,2009,16795
P - Passenger Car,Hyundai,Elantra,2010,20
P - Passenger Car,Hyundai,Elantra Blue,2010,4
P - Passenger Car,Hyundai,Elantra Touring,2009,2044
P - Passenger Car,Hyundai,Elantra Touring,2010,74
P - Passenger Car,Hyundai,Genesis,2009,1
P - Passenger Car,Hyundai,Genesis Coupe,2010,367
P - Passenger Car,Hyundai,Santa Fe 2WD,2008,4
P - Passenger Car,Hyundai,Santa Fe 2WD,2009,222
P - Passenger Car,Hyundai,Santa Fe 4WD,2008,1
P - Passenger Car,Hyundai,Santa Fe 4WD,2009,53
P - Passenger Car,Hyundai,Sonata,2008,67
P - Passenger Car,Hyundai,Sonata,2009,9402
P - Passenger Car,Hyundai,Sonata,2010,708
P - Passenger Car,Hyundai,Tiburon,2007,1
P - Passenger Car,Hyundai,Tiburon,2008,2
P - Passenger Car,Hyundai,Tucson 2WD,2008,3
P - Passenger Car,Hyundai,Tucson 2WD,2009,85
P - Passenger Car,Hyundai,Tucson 4WD,2009,11
P - Passenger Car,Hyundai,Veracruz 2WD,2009,10
P - Passenger Car,Hyundai,Veracruz 4WD,2009,1
P - Passenger Car,Hyundai,Veracruz 4WD,2010,1
P - Passenger Car,Infiniti,FX35 AWD,2009,1
P - Passenger Car,Jeep,Compass 2WD,2008,2
P - Passenger Car,Jeep,Compass 2WD,2009,27
P - Passenger Car,Jeep,Compass 4WD,2008,1
P - Passenger Car,Jeep,Compass 4WD,2009,15
P - Passenger Car,Jeep,Grand Cherokee 2WD,2009,1
P - Passenger Car,Jeep,Liberty 2WD,2009,2
P - Passenger Car,Jeep,Patriot 2WD,2009,40
P - Passenger Car,Jeep,Patriot 2WD,2010,1
P - Passenger Car,Jeep,Patriot 4WD,2009,25
P - Passenger Car,Kia,Borrego 2WD,2009,1
P - Passenger Car,Kia,Borrego 4WD,2009,1
P - Passenger Car,Kia,Forte,2010,2608
P - Passenger Car,Kia,Optima,2007,5
P - Passenger Car,Kia,Optima,2008,47
P - Passenger Car,Kia,Optima,2009,3820
P - Passenger Car,Kia,Optima,2010,33
P - Passenger Car,Kia,Rio,2007,2
P - Passenger Car,Kia,Rio,2008,83
P - Passenger Car,Kia,Rio,2009,4854
P - Passenger Car,Kia,Rondo,2008,12
P - Passenger Car,Kia,Rondo,2009,718
P - Passenger Car,Kia,Rondo,2010,5
P - Passenger Car,Kia,Sedona,2009,8
P - Passenger Car,Kia,Sorento 2WD,2009,6
P - Passenger Car,Kia,Soul,2010,4338
P - Passenger Car,Kia,Spectra,2007,3
P - Passenger Car,Kia,Spectra,2008,58
P - Passenger Car,Kia,Spectra,2009,3729
P - Passenger Car,Kia,Sportage 2WD,2008,1
P - Passenger Car,Kia,Sportage 2WD,2009,91
P - Passenger Car,Kia,Sportage 2WD,2010,1
P - Passenger Car,Kia,Sportage 4WD,2009,14
P - Passenger Car,Kia,Sportage 4WD,2010,1
P - Passenger Car,Kia,UNLISTED,2009,1
P - Passenger Car,Lexus,ES 350,2007,1
P - Passenger Car,Lexus,ES 350,2008,1
P - Passenger Car,Lexus,ES 350,2009,1075
P - Passenger Car,Lexus,ES 350,2010,10
P - Passenger Car,Lexus,GS 350,2008,1
P - Passenger Car,Lexus,GS 350,2009,45
P - Passenger Car,Lexus,HS 250h,2010,106
P - Passenger Car,Lexus,IS 250,2008,1
P - Passenger Car,Lexus,IS 250,2009,368
P - Passenger Car,Lexus,IS 250 AWD,2007,1
P - Passenger Car,Lexus,IS 250 AWD,2009,174
P - Passenger Car,Lexus,IS 250 AWD,2010,3
P - Passenger Car,Lexus,IS 250/IS 250C,2010,78
P - Passenger Car,Lexus,IS 350,2009,1
P - Passenger Car,Lexus,RX 350 2WD,2009,1
P - Passenger Car,Lexus,RX 350 2WD,2010,9
P - Passenger Car,Lexus,RX 350 AWD,2010,10
P - Passenger Car,Lexus,RX 450h,2010,3
P - Passenger Car,Lexus,RX 450h AWD,2010,11
P - Passenger Car,Lincoln,MKX AWD,2008,1
P - Passenger Car,Lincoln,MKX AWD,2009,2
P - Passenger Car,Lincoln,MKX AWD,2010,2
P - Passenger Car,Lincoln,MKX FWD,2009,1
P - Passenger Car,Lincoln,MKX FWD,2010,2
P - Passenger Car,Lincoln,MKZ FWD,2008,5
P - Passenger Car,MINI,Clubman,2008,12
P - Passenger Car,MINI,Clubman,2009,363
P - Passenger Car,MINI,Clubman S,2008,7
P - Passenger Car,MINI,Clubman S,2009,317
P - Passenger Car,MINI,Cooper,2007,3
P - Passenger Car,MINI,Cooper,2008,7
P - Passenger Car,MINI,Cooper,2009,843
P - Passenger Car,MINI,Cooper Convertible,2008,1
P - Passenger Car,MINI,Cooper Convertible,2009,211
P - Passenger Car,MINI,Cooper S,2007,2
P - Passenger Car,MINI,Cooper S,2008,6
P - Passenger Car,MINI,Cooper S,2009,733
P - Passenger Car,MINI,Cooper S Convertible,2008,1
P - Passenger Car,MINI,Cooper S Convertible,2009,157
P - Passenger Car,MINI,John Cooper Works,2009,27
P - Passenger Car,MINI,John Cooper Works Clubman,2009,28
P - Passenger Car,MINI,John Cooper Works Convertible,2009,12
P - Passenger Car,Mazda,3,2007,6
P - Passenger Car,Mazda,3,2008,11
P - Passenger Car,Mazda,3,2009,523
P - Passenger Car,Mazda,3,2010,8205
P - Passenger Car,Mazda,5,2008,2
P - Passenger Car,Mazda,5,2009,91
P - Passenger Car,Mazda,6,2008,3
P - Passenger Car,Mazda,6,2009,1123
P - Passenger Car,Mazda,6,2010,464
P - Passenger Car,Mazda,CX-7 2WD,2009,2
P - Passenger Car,Mazda,CX-7 2WD,2010,8
P - Passenger Car,Mazda,CX-7 4WD,2009,4
P - Passenger Car,Mazda,CX-9 2WD,2009,4
P - Passenger Car,Mazda,MX-5,2007,1
P - Passenger Car,Mazda,MX-5,2008,7
P - Passenger Car,Mazda,MX-5,2009,260
P - Passenger Car,Mazda,MX-5,2010,24
P - Passenger Car,Mazda,Tribute 4WD,2009,2
P - Passenger Car,Mazda,Tribute FWD,2009,9
P - Passenger Car,Mazda,UNLISTED,2009,1
P - Passenger Car,Mazda,UNLISTED,2010,1
P - Passenger Car,Mercedes-Be,GLK350 4matic,2010,8
P - Passenger Car,Mercury,Mariner 4WD,2009,13
P - Passenger Car,Mercury,Mariner 4WD,2010,1
P - Passenger Car,Mercury,Mariner 4WD FFV,2010,2
P - Passenger Car,Mercury,Mariner FWD,2009,28
P - Passenger Car,Mercury,Mariner FWD,2010,3
P - Passenger Car,Mercury,Mariner Hybrid 4WD,2009,11
P - Passenger Car,Mercury,Mariner Hybrid FWD,2009,1
P - Passenger Car,Mercury,Milan,2007,6
P - Passenger Car,Mercury,Milan,2008,7
P - Passenger Car,Mercury,Milan,2009,409
P - Passenger Car,Mercury,Milan,2010,1206
P - Passenger Car,Mercury,Milan AWD,2009,1
P - Passenger Car,Mercury,Milan AWD FFV,2010,3
P - Passenger Car,Mercury,Milan FFV,2010,269
P - Passenger Car,Mercury,Milan Hybrid FWD,2010,241
P - Passenger Car,Mercury,Milan S,2010,260
P - Passenger Car,Mercury,Sable FWD,2008,29
P - Passenger Car,Mitsubishi,Eclipse,2008,9
P - Passenger Car,Mitsubishi,Eclipse,2009,103
P - Passenger Car,Mitsubishi,Eclipse,2010,7
P - Passenger Car,Mitsubishi,Eclipse Spyder,2007,1
P - Passenger Car,Mitsubishi,Eclipse Spyder,2008,4
P - Passenger Car,Mitsubishi,Eclipse Spyder,2009,89
P - Passenger Car,Mitsubishi,Eclipse Spyder,2010,1
P - Passenger Car,Mitsubishi,Galant,2007,1
P - Passenger Car,Mitsubishi,Galant,2008,7
P - Passenger Car,Mitsubishi,Galant,2009,518
P - Passenger Car,Mitsubishi,Lancer,2008,22
P - Passenger Car,Mitsubishi,Lancer,2009,1164
P - Passenger Car,Mitsubishi,Lancer,2010,60
P - Passenger Car,Mitsubishi,Lancer Evolution,2009,3
P - Passenger Car,Mitsubishi,Lancer Sportback,2009,49
P - Passenger Car,Mitsubishi,Lancer Sportback,2010,3
P - Passenger Car,Mitsubishi,Outlander 2WD,2009,18
P - Passenger Car,Mitsubishi,Outlander 4WD,2008,3
P - Passenger Car,Mitsubishi,Outlander 4WD,2009,17
P - Passenger Car,Nissan,370z,2009,1
P - Passenger Car,Nissan,Altima,2007,28
P - Passenger Car,Nissan,Altima,2008,61
P - Passenger Car,Nissan,Altima,2009,10073
P - Passenger Car,Nissan,Altima Coupe,2008,109
P - Passenger Car,Nissan,Altima Coupe,2009,3437
P - Passenger Car,Nissan,Altima Hybrid,2007,6
P - Passenger Car,Nissan,Altima Hybrid,2008,49
P - Passenger Car,Nissan,Altima Hybrid,2009,1077
P - Passenger Car,Nissan,Cube,2009,3807
P - Passenger Car,Nissan,Frontier 2WD,2009,6
P - Passenger Car,Nissan,Frontier 4WD,2009,1
P - Passenger Car,Nissan,Maxima,2009,1080
P - Passenger Car,Nissan,Maxima,2010,7
P - Passenger Car,Nissan,Murano AWD,2009,20
P - Passenger Car,Nissan,Murano FWD,2009,14
P - Passenger Car,Nissan,Pathfinder FE 2WD,2009,1
P - Passenger Car,Nissan,Quest,2008,2
P - Passenger Car,Nissan,Quest,2009,15
P - Passenger Car,Nissan,Rogue AWD,2008,8
P - Passenger Car,Nissan,Rogue AWD,2009,112
P - Passenger Car,Nissan,Rogue FWD,2008,3
P - Passenger Car,Nissan,Rogue FWD,2009,71
P - Passenger Car,Nissan,Sentra,2007,14
P - Passenger Car,Nissan,Sentra,2008,108
P - Passenger Car,Nissan,Sentra,2009,3205
P - Passenger Car,Nissan,Sentra,2010,77
P - Passenger Car,Nissan,Sentra FE,2009,8356
P - Passenger Car,Nissan,Versa,2007,96
P - Passenger Car,Nissan,Versa,2008,266
P - Passenger Car,Nissan,Versa,2009,14654
P - Passenger Car,Nissan,Versa FE,2009,745
P - Passenger Car,Pontiac,G3,2010,5
P - Passenger Car,Pontiac,G3 (3-Door),2010,8
P - Passenger Car,Pontiac,G3 (5-Door),2010,28
P - Passenger Car,Pontiac,G3 Wave,2009,1099
P - Passenger Car,Pontiac,G3 Wave 5,2009,1023
P - Passenger Car,Pontiac,G5,2009,1913
P - Passenger Car,Pontiac,G5,2010,24
P - Passenger Car,Pontiac,G5 GT,2009,248
P - Passenger Car,Pontiac,G5 GT,2010,3
P - Passenger Car,Pontiac,G5 XFE,2008,21
P - Passenger Car,Pontiac,G5 XFE,2009,310
P - Passenger Car,Pontiac,G5 XFE,2010,6
P - Passenger Car,Pontiac,G5/Pursuit,2007,1
P - Passenger Car,Pontiac,G5/Pursuit,2008,74
P - Passenger Car,Pontiac,G6,2007,5
P - Passenger Car,Pontiac,G6,2008,125
P - Passenger Car,Pontiac,G6,2009,5722
P - Passenger Car,Pontiac,G6,2010,13
P - Passenger Car,Pontiac,G8,2009,1
P - Passenger Car,Pontiac,Solstice,2008,36
P - Passenger Car,Pontiac,Solstice,2009,38
P - Passenger Car,Pontiac,Torrent AWD,2009,12
P - Passenger Car,Pontiac,Torrent FWD,2009,19
P - Passenger Car,Pontiac,UNLISTED,2009,1
P - Passenger Car,Pontiac,Vibe,2008,9
P - Passenger Car,Pontiac,Vibe,2009,2185
P - Passenger Car,Pontiac,Vibe,2010,2607
P - Passenger Car,Saab,9-3 Convertible,2008,1
P - Passenger Car,Saab,9-3 Convertible,2009,10
P - Passenger Car,Saab,9-3 Sport Sedan,2007,1
P - Passenger Car,Saab,9-3 Sport Sedan,2009,46
P - Passenger Car,Saab,9-3 Sport Sedan,2010,1
P - Passenger Car,Saab,9-3 SportCombi,2009,9
P - Passenger Car,Saturn,Astra 2DR Hatchback,2008,328
P - Passenger Car,Saturn,Astra 2DR Hatchback,2009,23
P - Passenger Car,Saturn,Astra 4DR Hatchback,2008,250
P - Passenger Car,Saturn,Astra 4DR Hatchback,2009,20
P - Passenger Car,Saturn,Aura,2008,31
P - Passenger Car,Saturn,Aura,2009,1303
P - Passenger Car,Saturn,Aura,2010,3
P - Passenger Car,Saturn,Aura Hybrid,2007,1
P - Passenger Car,Saturn,Aura Hybrid,2008,3
P - Passenger Car,Saturn,Aura Hybrid,2009,42
P - Passenger Car,Saturn,Outlook AWD,2009,1
P - Passenger Car,Saturn,Outlook FWD,2009,9
P - Passenger Car,Saturn,SKY,2007,1
P - Passenger Car,Saturn,SKY,2008,20
P - Passenger Car,Saturn,SKY,2009,41
P - Passenger Car,Saturn,SKY,2010,1
P - Passenger Car,Saturn,Vue AWD,2009,2
P - Passenger Car,Saturn,Vue FWD,2008,2
P - Passenger Car,Saturn,Vue FWD,2009,43
P - Passenger Car,Saturn,Vue Hybrid,2009,15
P - Passenger Car,Scion,UNLISTED,2009,3
P - Passenger Car,Scion,UNLISTED,2010,1
P - Passenger Car,Scion,tC,2007,1
P - Passenger Car,Scion,tC,2008,45
P - Passenger Car,Scion,tC,2009,592
P - Passenger Car,Scion,tC,2010,873
P - Passenger Car,Scion,xB,2008,38
P - Passenger Car,Scion,xB,2009,1662
P - Passenger Car,Scion,xB,2010,1769
P - Passenger Car,Scion,xD,2008,49
P - Passenger Car,Scion,xD,2009,2298
P - Passenger Car,Scion,xD,2010,322
P - Passenger Car,Subaru,Forester AWD,2008,1
P - Passenger Car,Subaru,Forester AWD,2009,64
P - Passenger Car,Subaru,Forester AWD,2010,136
P - Passenger Car,Subaru,Impreza AWD,2007,4
P - Passenger Car,Subaru,Impreza AWD,2008,71
P - Passenger Car,Subaru,Impreza AWD,2009,1483
P - Passenger Car,Subaru,Impreza AWD,2010,40
P - Passenger Car,Subaru,Impreza Wagon/Outback SPT AWD,2007,3
P - Passenger Car,Subaru,Impreza Wagon/Outback SPT AWD,2008,9
P - Passenger Car,Subaru,Impreza Wagon/Outback SPT AWD,2009,778
P - Passenger Car,Subaru,Impreza Wagon/Outback Sport,2010,32
P - Passenger Car,Subaru,Legacy AWD,2008,6
P - Passenger Car,Subaru,Legacy AWD,2009,462
P - Passenger Car,Subaru,Legacy AWD,2010,983
P - Passenger Car,Subaru,Outback Wagon AWD,2009,58
P - Passenger Car,Subaru,Outback Wagon AWD,2010,83
P - Passenger Car,Subaru,Tribeca AWD,2009,1
P - Passenger Car,Subaru,Tribeca AWD,2010,1
P - Passenger Car,Suzuki,Forenza,2007,1
P - Passenger Car,Suzuki,Forenza,2008,45
P - Passenger Car,Suzuki,Forenza Wagon,2008,11
P - Passenger Car,Suzuki,Grand Vitara,2009,4
P - Passenger Car,Suzuki,Grand Vitara 4WD,2009,14
P - Passenger Car,Suzuki,Grand Vitara AWD,2008,1
P - Passenger Car,Suzuki,Reno,2008,12
P - Passenger Car,Suzuki,SX4,2008,16
P - Passenger Car,Suzuki,SX4,2009,115
P - Passenger Car,Suzuki,SX4 AWD,2007,3
P - Passenger Car,Suzuki,SX4 AWD,2008,28
P - Passenger Car,Suzuki,SX4 AWD,2009,1321
P - Passenger Car,Suzuki,SX4 AWD,2010,3
P - Passenger Car,Suzuki,SX4 Sedan,2008,48
P - Passenger Car,Suzuki,SX4 Sedan,2009,268
P - Passenger Car,Suzuki,SX4 Sedan,2010,1
P - Passenger Car,Suzuki,SX4 Sport,2009,369
P - Passenger Car,Suzuki,SX4 Sport,2010,1
P - Passenger Car,Suzuki,XL7 AWD,2007,1
P - Passenger Car,Suzuki,XL7 AWD,2009,5
P - Passenger Car,Suzuki,XL7 FWD,2009,2
P - Passenger Car,Toyota,4Runner 2WD,2009,4
P - Passenger Car,Toyota,4Runner 4WD,2008,1
P - Passenger Car,Toyota,4Runner 4WD,2009,1
P - Passenger Car,Toyota,Avalon,2007,1
P - Passenger Car,Toyota,Avalon,2008,88
P - Passenger Car,Toyota,Avalon,2009,746
P - Passenger Car,Toyota,Avalon,2010,82
P - Passenger Car,Toyota,Camry,2007,2
P - Passenger Car,Toyota,Camry,2008,19
P - Passenger Car,Toyota,Camry,2009,1142
P - Passenger Car,Toyota,Camry,2010,23258
P - Passenger Car,Toyota,Camry Hybrid,2007,3
P - Passenger Car,Toyota,Camry Hybrid,2008,3
P - Passenger Car,Toyota,Camry Hybrid,2009,1423
P - Passenger Car,Toyota,Camry Hybrid,2010,364
P - Passenger Car,Toyota,Camry Solara,2008,43
P - Passenger Car,Toyota,Corolla,2007,4
P - Passenger Car,Toyota,Corolla,2008,20
P - Passenger Car,Toyota,Corolla,2009,1939
P - Passenger Car,Toyota,Corolla,2010,26486
P - Passenger Car,Toyota,Highlander 2WD,2008,1
P - Passenger Car,Toyota,Highlander 2WD,2009,47
P - Passenger Car,Toyota,Highlander 4WD,2009,40
P - Passenger Car,Toyota,Highlander Hybrid 4WD,2007,1
P - Passenger Car,Toyota,Highlander Hybrid 4WD,2009,27
P - Passenger Car,Toyota,Matrix,2008,1
P - Passenger Car,Toyota,Matrix,2009,1570
P - Passenger Car,Toyota,Matrix,2010,664
P - Passenger Car,Toyota,Prius,2007,1
P - Passenger Car,Toyota,Prius,2008,4
P - Passenger Car,Toyota,Prius,2009,319
P - Passenger Car,Toyota,Prius,2010,14180
P - Passenger Car,Toyota,RAV4 2WD,2009,111
P - Passenger Car,Toyota,RAV4 4WD,2009,140
P - Passenger Car,Toyota,RAV4 4WD,2010,1
P - Passenger Car,Toyota,Sienna 2WD,2009,10
P - Passenger Car,Toyota,Sienna 2WD,2010,25
P - Passenger Car,Toyota,Sienna 4WD,2008,1
P - Passenger Car,Toyota,Sienna 4WD,2009,1
P - Passenger Car,Toyota,Sienna 4WD,2010,10
P - Passenger Car,Toyota,Tacoma 2WD,2009,23
P - Passenger Car,Toyota,Tacoma 2WD,2010,5
P - Passenger Car,Toyota,Tacoma 4WD,2009,17
P - Passenger Car,Toyota,Tacoma 4WD,2010,1
P - Passenger Car,Toyota,Tundra 2WD,2010,4
P - Passenger Car,Toyota,Tundra 4WD,2010,4
P - Passenger Car,Toyota,Tundra 4WD FFV,2010,1
P - Passenger Car,Toyota,UNLISTED,2009,4
P - Passenger Car,Toyota,Venza,2009,183
P - Passenger Car,Toyota,Venza AWD,2009,116
P - Passenger Car,Toyota,Yaris,2007,11
P - Passenger Car,Toyota,Yaris,2008,63
P - Passenger Car,Toyota,Yaris,2009,4382
P - Passenger Car,Toyota,Yaris,2010,27
P - Passenger Car,Volkswagen,CC,2009,273
P - Passenger Car,Volkswagen,CC,2010,120
P - Passenger Car,Volkswagen,Eos,2008,4
P - Passenger Car,Volkswagen,Eos,2009,323
P - Passenger Car,Volkswagen,Eos,2010,5
P - Passenger Car,Volkswagen,GTI,2007,1
P - Passenger Car,Volkswagen,GTI,2008,6
P - Passenger Car,Volkswagen,GTI,2009,414
P - Passenger Car,Volkswagen,GTI,2010,3
P - Passenger Car,Volkswagen,Golf,2010,1
P - Passenger Car,Volkswagen,Jetta,2007,5
P - Passenger Car,Volkswagen,Jetta,2008,22
P - Passenger Car,Volkswagen,Jetta,2009,5636
P - Passenger Car,Volkswagen,Jetta,2010,360
P - Passenger Car,Volkswagen,Jetta SportWagen,2008,20
P - Passenger Car,Volkswagen,Jetta SportWagen,2009,1952
P - Passenger Car,Volkswagen,Jetta SportWagen,2010,40
P - Passenger Car,Volkswagen,New Beetle,2007,1
P - Passenger Car,Volkswagen,New Beetle,2008,16
P - Passenger Car,Volkswagen,New Beetle,2009,301
P - Passenger Car,Volkswagen,New Beetle,2010,2
P - Passenger Car,Volkswagen,New Beetle Convertible,2008,11
P - Passenger Car,Volkswagen,New Beetle Convertible,2009,159
P - Passenger Car,Volkswagen,New Beetle Convertible,2010,1
P - Passenger Car,Volkswagen,Passat,2008,14
P - Passenger Car,Volkswagen,Passat,2009,374
P - Passenger Car,Volkswagen,Passat,2010,2
P - Passenger Car,Volkswagen,Passat CC,2009,49
P - Passenger Car,Volkswagen,Passat CC,2010,9
P - Passenger Car,Volkswagen,Passat Wagon,2007,1
P - Passenger Car,Volkswagen,Passat Wagon,2008,3
P - Passenger Car,Volkswagen,Passat Wagon,2009,107
P - Passenger Car,Volkswagen,Passat Wagon,2010,5
P - Passenger Car,Volkswagen,Rabbit,2008,17
P - Passenger Car,Volkswagen,Rabbit,2009,534
P - Passenger Car,Volkswagen,Routan,2010,1
P - Passenger Car,Volkswagen,Routan FWD,2009,21
P - Passenger Car,Volkswagen,Tiguan,2009,25
P - Passenger Car,Volkswagen,Tiguan,2010,2
P - Passenger Car,Volkswagen,Tiguan 4motion,2009,18
P - Passenger Car,Volkswagen,Tiguan 4motion,2010,1
P - Passenger Car,Volkswagen,Touareg,2009,1
P - Passenger Car,Volkswagen,UNLISTED,2010,1
P - Passenger Car,Volvo,C30 FWD,2008,12
P - Passenger Car,Volvo,C30 FWD,2009,191
P - Passenger Car,Volvo,C30 FWD,2010,8
P - Passenger Car,Volvo,C70 FWD,2010,11
P - Passenger Car,Volvo,S40 AWD,2009,1
P - Passenger Car,Volvo,S40 AWD,2010,1
P - Passenger Car,Volvo,S40 FWD,2007,1
P - Passenger Car,Volvo,S40 FWD,2008,4
P - Passenger Car,Volvo,S40 FWD,2009,154
P - Passenger Car,Volvo,S40 FWD,2010,9
P - Passenger Car,Volvo,S60 AWD,2009,2
P - Passenger Car,Volvo,S60 FWD,2008,6
P - Passenger Car,Volvo,S60 FWD,2009,210
P - Passenger Car,Volvo,UNLISTED,2009,3
P - Passenger Car,Volvo,V50 AWD,2009,1
P - Passenger Car,Volvo,V50 FWD,2007,2
P - Passenger Car,Volvo,V50 FWD,2008,1
P - Passenger Car,Volvo,V50 FWD,2009,64
P - Passenger Car,Volvo,V50 FWD,2010,4
P - Passenger Car,Volvo,XC 60 AWD,2010,2
P - Passenger Car,Volvo,XC 60 FWD,2010,2
P - Passenger Car,Volvo,XC 70 AWD,2009,7
P - Passenger Car,smart,UNLISTED,2009,2
P - Passenger Car,smart,fortwo convertible,2008,9
P - Passenger Car,smart,fortwo convertible,2009,168
P - Passenger Car,smart,fortwo coupe,2008,13
P - Passenger Car,smart,fortwo coupe,2009,913